-- MySQL dump 10.13  Distrib 5.7.27, for osx10.14 (x86_64)
--
-- Host: localhost    Database: wecodi3
-- ------------------------------------------------------
-- Server version	5.7.27

/*!40101 SET @OLD_CHARACTER_SET_CLIENT=@@CHARACTER_SET_CLIENT */;
/*!40101 SET @OLD_CHARACTER_SET_RESULTS=@@CHARACTER_SET_RESULTS */;
/*!40101 SET @OLD_COLLATION_CONNECTION=@@COLLATION_CONNECTION */;
/*!40101 SET NAMES utf8 */;
/*!40103 SET @OLD_TIME_ZONE=@@TIME_ZONE */;
/*!40103 SET TIME_ZONE='+00:00' */;
/*!40014 SET @OLD_UNIQUE_CHECKS=@@UNIQUE_CHECKS, UNIQUE_CHECKS=0 */;
/*!40014 SET @OLD_FOREIGN_KEY_CHECKS=@@FOREIGN_KEY_CHECKS, FOREIGN_KEY_CHECKS=0 */;
/*!40101 SET @OLD_SQL_MODE=@@SQL_MODE, SQL_MODE='NO_AUTO_VALUE_ON_ZERO' */;
/*!40111 SET @OLD_SQL_NOTES=@@SQL_NOTES, SQL_NOTES=0 */;

--
-- Table structure for table `Article`
--

DROP TABLE IF EXISTS `Article`;
/*!40101 SET @saved_cs_client     = @@character_set_client */;
/*!40101 SET character_set_client = utf8 */;
CREATE TABLE `Article` (
  `id` int(11) NOT NULL AUTO_INCREMENT,
  `title` varchar(500) NOT NULL,
  `content` longtext NOT NULL,
  `created_at` datetime(6) NOT NULL,
  `updated_at` datetime(6) NOT NULL,
  `thumb_img` varchar(2500) NOT NULL,
  `articleCategory_id` int(11) NOT NULL,
  `styletag_id` int(11) NOT NULL,
  PRIMARY KEY (`id`),
  KEY `Article_articleCategory_id_136d233a_fk_ArticleCategory_id` (`articleCategory_id`),
  KEY `Article_styletag_id_637b01c4` (`styletag_id`),
  CONSTRAINT `Article_articleCategory_id_136d233a_fk_ArticleCategory_id` FOREIGN KEY (`articleCategory_id`) REFERENCES `ArticleCategory` (`id`),
  CONSTRAINT `Article_styletag_id_637b01c4_fk_Styletag_id` FOREIGN KEY (`styletag_id`) REFERENCES `Styletag` (`id`)
) ENGINE=InnoDB AUTO_INCREMENT=305 DEFAULT CHARSET=utf8;
/*!40101 SET character_set_client = @saved_cs_client */;

--
-- Dumping data for table `Article`
--

LOCK TABLES `Article` WRITE;
/*!40000 ALTER TABLE `Article` DISABLE KEYS */;
INSERT INTO `Article` VALUES (1,'Julia Engel 과의 Wecodi Interview','[\"스티치 수정은 갈은 글램의 만남으로 우리의 독점적 인 콜렉션을 발표하게 된 것을 매우 기쁘게 생각합니다. 2011 년부터 블로깅 원래 샌프란시스코 (스티치의 집에 HQ를 수정!) 출신, 줄리아는 지난 몇 년 동안 그녀의 서명 여성의 스타일을 개발했다, 그것은 그녀가 드레스와 점프 수트 그녀의 시그니처 라인을 포함하여 않는 모든 것의 초석입니다. 그리고 지금, 줄리아 만 수정에서 사용할 수있는 몇 가지 고전과 covetable 스타일을 설계했다.\",\"줄리아 : 갈은 글램 고전 세련된 여성스러운 우아함과 낭만적 인 세부 사항을 축하하기 위해 과거의 유행을 밀어 디자인 중심의 브랜드입니다 만나다. 당신이 갈 미끄러 순간 Glampiece을 충족에서 스타일 노력하게된다. 우리는 많은 사람들이 패션을 사랑하지만 옷 쇼핑을 싫어한다는, 우리의 성공적인 패션 블로그, 갈은 글램의 만남을 실행 수년에 걸쳐 배웠다. 그들은 우리의 고객을 위해 만든 것처럼 느낄 조각을 제공함으로써 쇼핑의 밖으로 압도를 복용 : 우리는 우리가 같은 비전을 공유하는 스티치와의 관계, 수정 성장 기대.\",\"줄리아 : 우리는 의류의 실루엣 건설, 인쇄에 직물에서 모든 세부 사항을 설계에 너무 많은 시간을 보내고 가장 중요한 것은 고객에 대한 완화 및 마모성. 그래서 우리는 정말 스티치 수정이 직접 품질과 우아함을 경험하는 고객을 수있는 방법을 주셔서 감사합니다. 우리는 우리의 고객이 앞으로 수년 동안 그들을 착용 사랑 희망에, 우리 옷의 디자인에 엄청난주의를 붓는다.\",\"https://s3.amazonaws.com/com.stitchfix.blog/wp-content/uploads/2019/05/08104815/T2_W19_003_BLG_Gal-Meets-Glam-B1.jpg\",\"https://s3.amazonaws.com/com.stitchfix.blog/wp-content/uploads/2019/05/08104825/T2_W19_003_BLG_Gal-Meets-Glam-B2.jpg\"]','2019-09-03 12:26:01.000000','2019-09-03 12:26:01.000000','https://s3.amazonaws.com/com.stitchfix.blog/wp-content/uploads/2019/05/08105027/T2_W19_003_BLG_Gal-Meets-Glam-SQ-296x296.jpg',2,1),(2,'6가지 스타일로 옷잘입는 언니되기','[\"당신은 엄마와 아빠와 함께 캐주얼 점심 날짜 드레싱, 또는 빠른 날짜 밤 모양을 필요로하든, 드레스는 스타일의 딜레마 모두에 대한 대답입니다. 그것은 모든 신체 유형에 대한 완벽한 스타일과 맞는이 필수 옷장 조각 중 하나입니다. 열쇠는 당신을 위해 작동하는 드레스 스타일과 당신의 자신의 만드는 방법을 알고하는 것입니다. 당신이 당신의 옷장에서 원하는 것 모두 우리가 제일 좋아하는 드레스 스타일의 붕괴를 얻기 위해 계속 읽기.\",\"1. 쿨 & 손쉬운 맥시 드레스\n\n맥시 드레스는 슬로건이 있다면, 그것은 가장 확실히 \"모두를 위해 좋은 느낌과 햇살.\"것입니다 그것은 모든 체형에 잘 보이는 그 드레스 중 하나입니다. 로컬 야외 시장 또는 실행 심부름을 순항하든, 이동 -에 - 더 - 흐름 봄 여름 스타일에 대한 쉬운 옵션이 없습니다. 다음 브런치 날짜에 에스파 드리 유와 매우 세련된 색조의 한 쌍의 맥시 드레스. 또는, 가죽 끈 스타일의 샌들과 페이브 플로피 태양 모자와 함께 모습 저자세를 유지한다. 긴 측면에 약간의 저지 맥시 있나요? 몇 가지 여분의 스타일 umph에 대한 매듭의 옷자락을 묶어.\",\"2. 쉬운 랩 드레스\n\n현대 랩 드레스는 모든 몸이 보편적으로 아첨 옷장 주식 방문 모양을-하지만, 특히 사과와 배 곡선을위한 시간이 있다고 스타일의 가능성으로 가득하다. 스탠드 아웃 색상과 패턴의 계속 확대 선택은 여행과 주말을위한 현명한 이동 - 투 스타일로 확실한 선택합니다. 밝은 흰색 구조화 된 재킷과 펌프, 원활 평균 아무것도하지만의 쉬운 봄 작업복 옵션에 랩 드레스 전환와 결합합니다.\",\"https://s3.amazonaws.com/com.stitchfix.blog/wp-content/uploads/2019/05/15113225/19-04-11_Set_4_W_SIT_RACK_v1_1400x700-1872x936.jpg\",\"https://s3.amazonaws.com/com.stitchfix.blog/wp-content/uploads/2019/05/06155218/T4_W19_0006_BLG_Dress-to-Impress_72dpi_InBlog1.jpg\"]','2019-09-03 12:26:01.000000','2019-09-03 12:26:01.000000','https://s3.amazonaws.com/com.stitchfix.blog/wp-content/uploads/2019/05/06155312/T4_W19_0006_BLG_Dress-to-Impress_72dpi_SQ-296x296.jpg',1,4),(3,'우리가 사랑하는 지속가능성을 지향하는 브랜드들','[\"이 지구의 날 (또는 우리가 그것을 호출하고 같이 주), 우리 때문에 그들이 아 너무 멋진 당신을 계속하기 때문에 우리의 지구를 보호하고 지속 가능한 생산 관행에 대한 그들의 헌신과 우리가 파트너에게 자랑하고있는 브랜드 스포트라이트하고 있습니다. 자신의 직물을 만들기 위해 재활용 물병을 사용하여 90 % 이상 물 사용량을 절단에서이 5 개 브랜드 패션에서 지속 가능한 미래를위한 방법을 포장하는 방법을 참조하십시오.\",\"데님 즉 한 조각 모두가 자신의 옷장에 가지고뿐만 아니라 청바지의 한 쌍의 제조에 사용되는 물 1,500 갤런 차지한다. 워프 + 씨실이 설립되었을 때, 그들은, 보존 물을 통해 환경에 미치는 영향을 줄이는 에너지 소비를 줄이고 제품을 기부 환원에 초점을 맞추었다. 그들은 모두 크기에와 접근 가능한 가격에 지속 가능한 데님의 인상적인 범위를 구축 한으로 빨리 감기 지금, 그 핵심 가치는 강한 남아있다. 그들의 수집은 또한 제조 공정을 최적화 할 수있는 환경 영향 측정 시스템 불리는 재활용 섬유와 태양 광 발전, 그리고 통찰력 프로그램의 사용을 포함하여 다른 지속 가능성 노력을 통합합니다. 올해는, 그들은 더 지구에 미치는 영향을 줄이기 위해, 새로운 재료를 소싱 대신에 업 사이클 플라스틱, 폴리 에스테르와면 소재의 데님 공예에 초점을 맞추고있다.\",\"사용자가 원하는 야외 회사는 귀하의 수정에 사용할 수 있습니다. 동네 주변의 산책에 따뜻하게 유지하기 위해 요소에서 당신을 차폐에서, 노스 페이스는 또한 의류 및 제조 프로세스를 지속하기 위해 노력하고있다. 플라스틱 병으로 만든 폴리 에스테르와 같은 재활용 재료를 사용하는 그들의 노력은 자신의 뒤뜰 프로젝트와 칼리 울 수집이 (토양에 대기로부터 이산화탄소를 그릴 탄소 농업을 실천 목장에서 공급 모직에서 만든) 그와 파트너 우리가 자랑스러워 그들은 지구를 보호하기 위해 자신의 약속을 계속.\",\"https://s3.amazonaws.com/com.stitchfix.blog/wp-content/uploads/2019/04/12144957/T4_W19_08_BLG_Sustainable-Brand-Spotlight1.jpg\",\"https://s3.amazonaws.com/com.stitchfix.blog/wp-content/uploads/2019/04/12145208/T4_W19_08_BLG_Sustainable-Brand-Spotlight41.jpg\"]','2019-09-03 12:26:01.000000','2019-09-03 12:26:01.000000','https://s3.amazonaws.com/com.stitchfix.blog/wp-content/uploads/2019/04/12144948/T4_W19_08_BLG_Sustainable-Brand-Spotlight_sq-296x296.jpg',2,2),(4,'5월 판 : 31일 의상','[\"재미 - 인 - 더 - 태양 스타일 프라임 당신의 옷장. 현대 프레피 스타일을 사랑? 풍부한 밝은 직장이나 놀이에 대한 바로 느낄 색상으로 가볍고, 조각이 도달. 또는, 스프링 발열과 바위 진정하지만, 보헤미안 - 팜므 축제 분위기를 방출 세련된 의상을 잡을 수있어. 일정은 이번 시즌 특별한 이벤트로 포장되어 있습니까? 당신의 옷장에게 드레스 새로 고침을 부여합니다. \"A 라인\"과 사물의 스윙에 타 이번 시즌 드레스까지 당신은 소용돌이거야, 그리고 모든 베이비 샤워, 웨딩, 졸업시에 돌리기.\",\"그건 너무 프레피입니다\n\n더 프레피 봄 옷장이없이 완전하지 않다 동안 적절한 구조 재킷 - 당신이 대수리 파란색, 흰색, 또는 분홍색 같은 더 부드러운 음영 3/4 길이의 소매와 부드럽고 달콤한 변화를 이동할 수 있습니다. 화려한 청바지, 조깅의 즐겨 찾기와 flowy, 민소매 점선 또는 꽃 무늬 블라우스를 짝이나 공원에서 긴 주말 산책과 피크닉을 환영 중립 로퍼 또는 뾰족한 터진 아파트와 바지를 잘립니다.\",\"보헤미안 - 여자의 숙명\n\n올 봄, 클래식 한 스트라이프 가기와 결합하여 comfiest 남자 친구 청바지에 미끄러 꽃 자수 캔버스 운동화처럼, 여성의 세부 모습을 대조. 따뜻한 색상과 당신의 옷장에 복잡한 패턴 세부 구멍 블라우스 및 차단 반바지 같은 성명을 쉽게 보헤미안 영감 조각의 질감을 추가 흥분시키는.\",\"https://s3.amazonaws.com/com.stitchfix.blog/wp-content/uploads/2019/04/30091250/W_BLG_MayMonthOfOutfits_AH.jpg\",\"https://s3.amazonaws.com/com.stitchfix.blog/wp-content/uploads/2019/04/30091352/W_BLG_MayMonthOfOutfits3.jpg\"]','2019-09-03 12:26:01.000000','2019-09-03 12:26:01.000000','https://s3.amazonaws.com/com.stitchfix.blog/wp-content/uploads/2019/04/30091323/W_BLG_MayMonthOfOutfits_SQ-296x296.jpg',1,1),(5,'wecodi 아이들과 부모가 제일 사랑하는 item','[\"궁금 아이의 수정에 무엇입니까? 확실한 당신의 아이처럼, 두 개의 수정이 모두 없습니다에 대한 음, 한 가지입니다. 우리는 그들의 아이들이 수정에서받은 자신이 좋아하는 항목을 공유 (부팅 귀여운 아이들과 함께) 부모의 직원을 요청하는 이유입니다. 그러나 우리는 우리가 그들의 스티치 수정 아이를 너무 좋아하는 이유 당신에게 어린 아이들을 통해 마이크를 돌려 줄 알았는데!\",\"링컨은 사랑 : 오딘 & 아이비 그래픽 티\n링컨이 그것을 좋아하는 이유 : \"그 뒤 이즈 탁의 스틱 버그 남자처럼 스틱 버그를 가지고 있기 때문에 나는 그것을 좋아하지!\"\n부모 : 알렉산드라 O., 스타일링 관리자\n알렉산드라는 그것을 사랑하는 이유 : \"그것은 특별히 소년과 소녀에 대한 성별되지 않은 그래픽 티 있기 때문에 나는 그것을 사랑 해요.\"\",\"루시 사랑 : 그래픽 티\n루시는 그것을 사랑하는 이유 : \"나는 기후 변화 운동가 그리고 난 스타 워즈를 좋아하기 때문에 나는 그것을 사랑 해요.\"\n부모 : 캐시 H., 소프트웨어 엔지니어\n캐시는 그것을 사랑하는 이유 : \"우리의 초기 수정은 종류의 타격을 입었다과 미스는\"여자 \"라인은 루시가 사람으로 누구 맞지 않습니다. 우리의 마지막 수정을 위해, 우리는 특히 환경 테마는 \"소년\"라인에서 옷을 요구하고, 우리의 스타일리스트는 정말 못을 박았다. 루시는 일주일이 셔츠를 여러 번 착용한다. 나는 그녀가 가장 그녀를 느낄 수 있습니다 그녀의 옷장에있는 조각이다, 지금 생각합니다. \"\",\"https://s3.amazonaws.com/com.stitchfix.blog/wp-content/uploads/2019/04/12122904/Staff-Kids-Picks_In_Blog7.jpg\",\"https://s3.amazonaws.com/com.stitchfix.blog/wp-content/uploads/2019/04/12122805/Staff-Kids-Picks_In_Blog1.jpg\"]','2019-09-03 12:26:01.000000','2019-09-03 12:26:01.000000','https://s3.amazonaws.com/com.stitchfix.blog/wp-content/uploads/2019/04/12122932/Staff-Kids-Picks_SQ_Tile-296x296.jpg',2,3),(6,'봄시즌 브라이트 화이트 코디법','[\"그것이 깨끗하고 자연 그대로의 유지 (그리고 당신없는 결혼식에 그것을 피하는) 이외 입고 흰색에 올 때 많은없는 규칙이 있습니다. 그 외에는, 당신의 봄 밝은 백색 바위 방법의 선택은 당신에게 달려 정말입니다. 그것은 당신이 당신이 혼합 거의 모든 일치하는 것이 얼마나 간단한 찾을 때까지 당신이 필요 알지도 못하는 그 주식 필수품 중 하나입니다. 당신의 봄 옷장에 선명하고 멋진 흰색 조각을 통합하는 방법에 대한 아이디어를 원하십니까? 당신은 바로 찾아 오셨습니다.\",\"데님 엔 블랑\n\n우리는 마모 가장자리가 흰색 데님을 사랑합니다. 그것은 음소거 세이지에서, 거의 전체 컬러 스펙트럼과 일치 및 전기 파란색 또는 멜로 드라마 블랙에 핑크 홍당무하는 슈퍼 다양하고 쉽습니다. 당신의 화이트 데님 스커트를 짝 또는 차단 반바지 flowy 탱크 스프링 앞으로 인쇄의 쉬운 미풍에 맞게, 또는 매듭이 최고 당신이 당신의 허리를 강조하고 싶을 때. 금속 박힌 액센트 중립, 플랫 샌들 모양을 완료하기 위해 빛 반짝임과 편안한의 균형을 친다.\",\"부담없이 감동하는 옷을 입고\n\n검은 색과 흰색 깅 검 A 라인 드레스와 자홍색 가방과 짝 흰색 데님 재킷은 캐주얼의 교차로에서보고가 현대적인 빈티지 스타일을 만족입니다. 굵은 느낌? 당신은 색상의 밝은 버스트를 추가 할 때 어떤 고전 흑백 단색 모양에 스핀을 넣습니다. 뒷면에 달콤한 깜짝 나비와 함께 모습을 묶는 점선, 슬릿 백업 크루 넥 상단으로 마모 옷자락 밝은 색조 청바지를 결합합니다.\",\"https://s3.amazonaws.com/com.stitchfix.blog/wp-content/uploads/2019/04/29165811/T4_W19_0012_BLG_White-Hot2.jpg\",\"https://s3.amazonaws.com/com.stitchfix.blog/wp-content/uploads/2019/04/29165802/T4_W19_0012_BLG_White-Hot1.jpg\"]','2019-09-03 12:26:01.000000','2019-09-03 12:26:01.000000','https://s3.amazonaws.com/com.stitchfix.blog/wp-content/uploads/2019/04/29165751/T4_W19_0012_BLG_White-Hot_SQ-296x296.jpg',1,2),(7,'당신의 스타일 셔플을 위한 모든 질문, 답변모음','[\"당신은 알고 계십니까 당신이 수정에받을 것을 당신의 집계 스타일 셔플 등급에 미치는 영향이? 스티치 수정, 우리는 당신의 스타일, 완벽한 적합, 무엇을하게 당신이 옷을받을 때 놀라운 느낌을 이해 집착하고 있습니다. 정말 귀하의 개인 스타일의 모든 요소를 ​​이해하는 것은 복잡하다; 기본 설정은 의류 카테고리, 경우에 따라 다르며 종종 시간이 지남에 따라 변경 될 수 있습니다.\",\"STYLE 셔플 무엇인가?\n스타일 셔플 수정하고 스타일리스트 스티치 귀하의 개인적인 스타일을 통신 할 수있는 재미 있고 빠른 방법입니다. 우리는 우리가 당신이 좋아하는 (그리고 싫어하는) 무엇을 알고 싶어, 중성자를 냉각, 스타일-에서 밝은 색상과 인쇄의 다양한에 의견을 얻어서 빠른 배운다. 당신은 속도 더 많은 스타일, 더 나은 당신의 수정이다.\",\"\",\"https://s3.amazonaws.com/com.stitchfix.blog/wp-content/uploads/2019/03/27171758/T4_W19_0015_BLG_StyleShuffle_AH.gif\",\"\"]','2019-09-03 12:26:01.000000','2019-09-03 12:26:01.000000','https://s3.amazonaws.com/com.stitchfix.blog/wp-content/uploads/2019/03/27171814/T4_W19_0015_BLG_StyleShuffle_SQ-296x296.jpg',2,4),(8,'내 몸, 내 스타일을 소개합니다.','[\"완벽한 의상을 구축하는 방법을 알아내는 것은 혼란 좌절하고 때로는 감정적 인 여행이 될 수 있습니다. 내 모양이 V 넥 작업 것인가? 내가 몸집이 작은거야 경우 나는 플레어 청바지를 해낼 수 있습니까? 우리 모두는 때때로 자신에게 질문을. 그러나 개인적인 스타일의 아름다움이 그 - 그냥입니다 개인-에 모두 당신과 우리. 우리가 그들의 모양 드레싱 (하지만 여전히 배우고있는)의 코드를 금, 그들의 팁과 여행을 공유 할 준비가 진짜 여성 여성을 통해 마이크를 켜있는 이유입니다.\",\"내 몸, 내 스타일 스토리\n\n대신 100 인터넷 소스를 떠나, 우리는 몸 모양에 올 때 우리와 실제 얻기 위해 우리가 제일 좋아하는 클라이언트와 영향력 및 클라이언트의 몇 가지로 보았다. 크기 및 모양에서, 자신에 조각 & 팁 이동 -에, 우리는 최고의 이야기가 당신에서 온 있다고 생각합니다.\",\"이제 스토리를 공유하기\n\n내 몸, 내 스타일은 모든 형태를 드레싱에 대한 자신의 규칙에 실제 여성에 관한 것입니다. 당신이 당신의 이야기 * 당신이 당신의 스타일의 여행을 따라 배운 팁을 공유하려는 경우, 우리는 당신에게서 듣고 싶어요! 간단하게이 여자의 이야기에 표시되는 형식을 따르고 tellus@stitchfix.com에서 우리와 함께 공유 할 수 있습니다. 자신의 총 전신을 공유하는 것을 잊지 마세요 기회에 대한 (위의 것과 같은) 기능을합니다.\n\n* 참고 : 우리가 먼저 권한이없는 한 우리는 귀하의 개인 정보, 이메일 또는 사진을 공유하지 않습니다.\",\"https://s3.amazonaws.com/com.stitchfix.blog/wp-content/uploads/2019/04/18103239/W_BLG_MyBodyMyStyle_AH.jpg\",\"\"]','2019-09-03 12:26:01.000000','2019-09-03 12:26:01.000000','https://s3.amazonaws.com/com.stitchfix.blog/wp-content/uploads/2019/04/18103333/W_BLG_MyBodyMyStyle4_SQ-296x296.jpg',1,3),(9,'지역에 따른 추천 : 스타일리스트가 알려주는 지역별 스타일링 팁','[\"혹시 당신은 당신이 원하는 것을 정확히 스티치 수정 스타일리스트 말할 수 하시겠습니까? 음, 우리는 알렉산드라 O.을 스타일리스트하는 이야기 내부 특종을 얻기 위해 (당신은 아마 그녀의 주위를 보았다). 비밀은 당신이 모든 수정에 대한 귀하의 스타일리스트를 작성할 수있는 수정 요청 참고 여기에 입력 그래서 비밀하지 않아야합니다. 그것은 * 당신의 스타일리스트는 당신과 당신의 옷장에 무슨 일이 일어나고 있는지 알려 토록 최선의 수정은 \"어두운 세척 청바지 한 쌍, 제발!\"와 같은 특정 요청을 남겨 두는 * 장소입니다.\",\"Q : 그래서, 먼저 첫 번째 것들. 수정 요청주의는 무엇인가?\n\nA : 귀하의 수정 요청 참고이 수정에서 무엇을 찾고 있는지 우리에게 당신의 공간입니다. 당신은 당신이 새로운 스타일을 시도하기 위해 찾고 있다면 당신이 나 계절에 업데이트가 필요한 경우는,를위한 복장을하고 싶습니다 이벤트를 다가오는에 대한 정보를 알 수 있습니다! 수정 요청 사항은 모두 다른 모양과 크기에 와서, 그들은 당신의 스타일리스트 정말 도움이됩니다.\n\nQ : 한 개를 채울 이유는 무엇입니까?\n\nA : 당신이 당신이 당신의 수정에 대한 바라고 무엇을 얻을 도움이 될 것입니다 때문에 당신은 당신의 수정 요청 사항을 작성해야! 당신은 당신이 원하는 걸 말해 (또는 원하지 않는) 경우 우리는 우리가 공원에서 당신의 수정을 노크 할 수있는 방법의 더 나은 아이디어를 가지고있다. 수정 요청 참고가 시작하는 곳들을 정확히 알고하는 데 도움이 때문에 수정을 스타일링 할 때 스타일리스트를 확인합니다 최초의 일이다. 우리는 당신에게 당신이 요청하는 특정 부분을 보낼 수 없습니다,하지만 당신은 우리가 당신은 일반적으로 무엇을 찾고 있는지 알려, 우리는 그 요구 주변의 수정을 구축 할 수 있습니다!\",\" \",\"https://s3.amazonaws.com/com.stitchfix.blog/wp-content/uploads/2019/03/21174721/W_BLG_HowToFillOutYourFixNote_AH.jpg\",\"\"]','2019-09-03 12:26:01.000000','2019-09-03 12:26:01.000000','https://s3.amazonaws.com/com.stitchfix.blog/wp-content/uploads/2019/03/21174713/W_BLG_HowToFillOutYourFixNote_SQ-296x296.jpg',2,1),(10,'지역에 따른 추천 : 스타일리스트가 알려주는 지역별 스타일링 팁','[\"해안에서 해안에, 우리의 스타일리스트들이 이동 - 자신의 옷장에있는 조각들이 재미 (다목적)만큼 매혹적인있는 모습을 만들기 위해 통합 방법에 대한 내부 특종을 공유 할 수 있습니다. 이스트 코스트 우아함 칼리 절충주의에서 진정한 스타일리스트가 옷을 입고 당신이 노력 스타일의 자신의 비밀 무기고에서 빌릴 수있는 팁을 발견하는 방법을 찾기 위해 계속 읽어.\",\"NorCal, Crista G.\n\n\"우리는 베이 지역에있는 가혹한 겨울이나 여름이 표시되지 않지만, 기후는 예측할 수 없습니다. 상관없이 올해의 시간, 우리의 옷장 층, 특히 우리의 악명 높은 안개 롤을 포함해야합니다.\n\n이 레이어에 관해서, 내 믿을 수있는 데님 재킷은 결코 모습을 완료하는 데 실패하지 않습니다. 곧 봄이 시작, 나는이 계절에 고개를 끄덕 같은 가벼운 세척을 선택 전환 - 나는 flowy 블라우스 및 추가 자료 대비를위한 몰래 드레스와 함께 착용. \"- 스타일리스트, Crista G.을\",\"남가주 월 S.\n\n\"남가주 스타일은 취사 인쇄 및 우리의 맑은 하늘에 맞게 밝은 색상을 요구, 플러스 athleisure의 건강한 복용량가 세련된 점수\"멋진 여자 \"미학. 예, 우리는 우리의 매혹적 오스카 가운을 사랑하지만 매일 착용을 위해, 그것은 쉽게 넣어-함께보고에 대한 자세한 내용입니다. 따뜻한 봄 날에, 나는 세련되고 여유로운 사이의 균형에 대한 쉬운 스트라이프 드레스와 캔버스 운동화에 도달 사랑 해요.\n\n일요일 브런치는 실질적으로 여기에 예술과 \"오, 난 그냥에 던졌다\"의 부분을 드레싱 아직 온 추세 역행 친화적 인 느낌 데님 스커트에 쉽다. \"- 스타일리스트, 월 S.\n\",\"https://s3.amazonaws.com/com.stitchfix.blog/wp-content/uploads/2019/04/08124119/W_BLG_StylistTakeRegionalDressing_AH.jpg\",\"https://s3.amazonaws.com/com.stitchfix.blog/wp-content/uploads/2019/04/08124119/W_BLG_StylistTakeRegionalDressing_AH.jpg\"]','2019-09-03 12:26:01.000000','2019-09-03 12:26:01.000000','https://s3.amazonaws.com/com.stitchfix.blog/wp-content/uploads/2019/04/08124223/W_BLG_StylistTakeRegionalDressing_SQ-296x296.jpg',1,4),(11,'우리의 좋아하는 여성이 이끄는 브랜드에 대해 알아야 할 것들','[\"스티치 수정에서 매일, 우리는 우리가 우리와 파트너 자랑스럽게 생각 여성 소유의 브랜드로 상품 기획자 데이터 과학자에서 함께 일하는 여성에서 영감을하고 있습니다. 국제 여성의 날의 지원, 우리는 우리가 일을 (많이 우리와 같은) 세 여성 창업 브랜드의 이야기를 공유하기를 원해요로를 - 당신은 당신의 수정에받을 수 있습니다.\",\"Dorie 스미스와 Emelyn Northway 비즈니스에 만났을 때 학교 그들의 옷장 자신의 9-5 - 투 - 및 - 다음 - 어떤 라이프 스타일을 따라갈 수 없었다 깨달았다. 옷은 시즌에 시즌을 보유하지 것이다, 너무 빨리 주름이 생길 것입니다, 그리고 세련 그들이 원하는대로 행복한 시간에 사무실에서 전환 할 수 없었다. 그래서, 그들은 머서, 여성이 착용 실제로 원하는 것 작업복 라인의 시작하여 스스로를하기로 결정. 우리는 그들이 어떻게 시작되었는지 알아 보려면 머서 중 공동 설립 Dorie 스미스와 잡담.\",\"Dorie 스미스 : 우리 모두는 보수적 인 사업 배경에서 온, 나는 Emelyn는 금융, 컨설팅, 그리고 정말 우리의 요구-요구되지 않은 모든 것을 취사 된 어떤 브랜드가 없었다처럼 우리는 느꼈다. 우리는 높은 품질, 작업도 적절했고, 우리가 최선을 느끼게 세련된 옷을 원했다. 우리가 두 개 또는 세 개의 있었다 동안 이동-에 큰 프레 젠 테이션을위한 의상, 우리는 우리가 우리의 최선의 자아 같은 느낌 도움이 될 옷의 전체 전체 옷장을 가질 자격이 있음을 알고 있었다. 컨설턴트로서, 나는 너무과 항공편 떨어져 많이 받고 내 여자 친구 또는 남자 친구와 데이트와 음료에 짜려고 여행하고 있었다. 내 라이프 스타일에 맞는 의상을 찾는 것은 불가능했다. 우리는 우리가 우리의 고객의 입장에서 있었다 때문에 적절한 사람이이 문제를 해결했다처럼 Emelyn 나는 느꼈다.\",\"https://s3.amazonaws.com/com.stitchfix.blog/wp-content/uploads/2019/02/01100527/T3_W19_0137_BLG_IWD-Brand-Spotlight-72dpi9.jpg\",\"https://s3.amazonaws.com/com.stitchfix.blog/wp-content/uploads/2019/02/01100551/T3_W19_0137_BLG_IWD-Brand-Spotlight-72dpi11.jpg\"]','2019-09-03 12:26:01.000000','2019-09-03 12:26:01.000000','https://s3.amazonaws.com/com.stitchfix.blog/wp-content/uploads/2019/02/01100342/T3_W19_0137_BLG_IWD-Brand-Spotlight-72dpi-296x296.jpg',2,2),(12,'4월 판 : 30일 의상','[\"지루, 두툼한 스웨터 임시 직원의 달 후에 태양 자축하는 큰 계획이 있으십니까? 우리는 당신이 당신의 따뜻한 날씨 스타일을 정의하는 데 도움이됩니다 키 조각을 가지고있다. 선명한 색상과 머리를 돌려 확신 눈길을 끄는 패턴 당신의 옷장을 AMP. 4 월 매일 매일 의상 영감을보기 위해 계속 읽기.\",\"울트라 밝은 빛깔에에게 풍부한 색상을 스트라이크\n\n군중에서 눈에 띄는 포화 색상의 버스트를 추가합니다. 재미있는 작업 룩 니트 고전 해군 재킷과 줄무늬와 레몬 노란색 바지와 같은 밝은 문 조각을 균형. 모든 사람의 시대를 초월한 마음에 드는 인쇄, 표범의 펜슬 스커트와 귤이나 화재 빨간색 위쪽은 \"그녀의있어 스타일!\"알람을 설정해야합니다.\",\"인쇄, 패턴 및 재생\n\n인쇄 및 색상은 손에 손을 이동하지만, 자신 만이 봄을 florals을 제한하지 않습니다.\n\n절제된 패턴 플레이 여성, 미니 물방울 무늬 클래식 굵은 럭비 스트라이프 페어링 고려하십시오. 깅엄 검정 (또는 파란색)과 흰색의 재미와 우아한. 당신은 와우 요인을 설정하려면, 더 크고 더 밝은 색상의 체크 무늬 드레스 또는 상판과 함께 할 것입니다.\",\"https://s3.amazonaws.com/com.stitchfix.blog/wp-content/uploads/2019/03/25112248/W_BLG_AprilMonthOfOutfits_AH.jpg\",\"https://s3.amazonaws.com/com.stitchfix.blog/wp-content/uploads/2019/03/25112336/W_BLG_AprilMonthOfOutfits3.jpg\"]','2019-09-03 12:26:01.000000','2019-09-03 12:26:01.000000','https://s3.amazonaws.com/com.stitchfix.blog/wp-content/uploads/2019/03/25112307/W_BLG_AprilMonthOfOutfits_SQ-296x296.jpg',1,1),(13,'매일 매일은 레드 카펫에 오를 만한 가치가 있다. ','[\"스티치가 수정에서, 우리는 귀하의 개인 스타일 당신의 모양과 최선을 느낄 수 있습니다 이해합니다. 축하 당신과 함께 그 느낌을 공유하기 위해, 우리는 매 순간이 주목할만한 느낌 있도록 우리 자신의 스티치가 레드 카펫을 수정했다. 통근부터 휴가, 첫번째 날짜에 playdates, 그 사이의 모든 것을, 일상적인 스타일을 볼 및 기념 느껴야한다.\",\"모든 순간은 큰 스타일을받을 권리, 우리는 콜럼버스 서클 뉴욕시에서 역 로스 앤젤레스에있는 숲에서 레드 카펫을 출시하는 이유입니다. 이 바쁜 공공 장소는 모두 통근 및 구매자와 일상의 순간을 축하하기 위해 거대한 스티치 수정 레드 카펫으로 전환되었다.\",\"\",\"https://s3.amazonaws.com/com.stitchfix.blog/wp-content/uploads/2019/02/21140231/SFRC_TwitterIGInFeed38_NY.jpg\",\"\"]','2019-09-03 12:26:01.000000','2019-09-03 12:26:01.000000','https://s3.amazonaws.com/com.stitchfix.blog/wp-content/uploads/2019/02/22172044/T4_W19_0117_BLG_Fuego-Brand-Campaign-1.021-296x296.jpg',2,3),(14,'스타일리쉬한 여자들의 10가지 비밀','[\"경력, 가족, 균형과 자신을 위해 시간을 찾는 스타일로 문 밖으로 스테핑 사이에 매일 불가능-만 보일 수는 아니에요! 우리는 우리가 그들의 비밀 스타일의 다음 단계를 잠금 해제 무엇인지 (우리의 스타일리스트) 알고 가장 세련된 여성을 물었다.\",\"1. 계획의 IT OUT\n\n\"당신은 모든 것을 계획 할 수는 없지만 당신의 아침 오프 가드 당신을 잡을 수 있도록하지 않습니다. 시간을 절약하려는 경우 일요일에 식사 일주일의 가치를 계획하는 것처럼, 스트레스없는 아침과 복장 - 후회없는 일에 대한 방법을 만들기 위해 촬영을 계획 의상을 제공합니다. \"-Stylist, 호박 F를 .\",\"2. (STYLISH) 감흥을 찾아\n\n\"세련된 여성은 추적 여부를 찾기가 좋아하는 인스 타 그램 스타일의 스타 또는 동생의 가장 친한 친구의 사촌이다. 다음 의상을 계획하는 데 도움이 영감을 자신의 사진을 사용, 그 스타일을 고무 패셔니보세요 (1 팁 # 참조). 확실하지 어디서부터 시작? 우리의 가장 세련된 여성의 끝없는 영감을 우리의 인스 타 그램과 클립 보드를 확인하세요. \"-Stylist, 제니퍼 M.\",\"https://s3.amazonaws.com/com.stitchfix.blog/wp-content/uploads/2017/08/25110347/T4_W19_0013_BLG_Top10SecretsofStylishWomen_joyfullygreen.jpg\",\"https://s3.amazonaws.com/com.stitchfix.blog/wp-content/uploads/2017/08/25110255/T4_W19_0013_BLG_Top10SecretsofStylishWomen_arielleestoria.jpg\"]','2019-09-03 12:26:01.000000','2019-09-03 12:26:01.000000','https://s3.amazonaws.com/com.stitchfix.blog/wp-content/uploads/2017/08/25110420/T4_W19_0013_BLG_Top10SecretsofStylishWomen_SQ-296x296.jpg',1,2),(15,'$ 500 을 얻기위해선, #StitchFixMoment 공유하세요','[\"일상 생활은 축하-이 될 생일, 기념일, 심지어 할리우드의 연례 시상식 같은 큰 행사에 대해 항상 아니에요 가치가 작지만 특별한 순간으로 가득합니다. 그것은 밖으로 부모의 첫날밤에 대한 게시물과 토스트를 예약 당신의 버킷리스트 오프 뭔가를 확인하는 마지막 직장에서 프리젠 테이션을 acing하거나하는 것이 중요합니다.\",\"스티치 수정 복장 및 인스 타 그램이 착용 당신을 위해 특별한 이유를 알려에 사진을 게시하여 2 월 15 일 2 월 4 일에서 일상의 순간을 공유 할 수 있습니다. @StitchFix 태그 및 캡션에 #StitchFixMoment 및 #contest를 사용하십시오.\",\"\",\"https://s3.amazonaws.com/com.stitchfix.blog/wp-content/uploads/2019/02/04091004/T4_W19_0128_OS_StitchFixMoment-Contest-Blog_V2.jpg\",\"\"]','2019-09-03 12:26:01.000000','2019-09-03 12:26:01.000000','https://s3.amazonaws.com/com.stitchfix.blog/wp-content/uploads/2019/02/04090951/T4_W19_0128_OS_StitchFixMoment-Contest-Blog_V1-296x296.jpg',2,4),(16,'글래머 몸매를 위한 스타일링 가이드','[\"우리는 세상을 획일적에 살고 있지 않습니다. 그러나, 우리는 우리 모두가 단지 우리가 어떤 옷에 자신감을하고자하는 세계에 살고있다. 백만 기사와 too.much.information 만 공격 할 \"\"내 체형에 가장 잘 보이는거야?\"\"어떻게 우리의 많은 낭비 분에게 구글 검색을 보냈습니다! 우리가 여기 왜 그게입니다. 당신이 좋아하는 기능을 재생하고 당신이 상상 왼쪽 떠날 줄 것을 아래 토닝에서, 우리는 당신의 매력적인 모습을 과시하기 위해 착용하는 드레스 보여 드리겠습니다.\"\",\"\"즐겨 입는 옷 스타일 : 맥시 드레스  맥시 당신의 스타일을 드레스인가? 더 구조화 된 직물을 선택 뭔가, 드레이프, 거미줄 층, 측면 슬릿과 개성 대신에 (저지 이번에 도랑). 추가 보너스 포인트가 당신의 곡선을 통해 원활하게 누워있는 안감이있는 경우.  바디 모양 경기 : 모든 신체 유형 (벨트와 당신이 사랑하는 기능을 강조 도움이 신발 같은 스타일 트릭!).  그것을 착용 : 대부분의 맥시 드레스 스타일의 핵심은 정의 허리 때문에 이미 벨트와 함께 제공되지 않는 경우에, 당신의 허리를 재생 하나를 찾을 수 있습니다. 가을, 높은 부츠 나 발목 옷과 스타킹으로 그들을 착용하십시오.\"\",\"\"즐겨 입는 옷 스타일 : 랩 드레스  보편적으로 아첨, 랩 드레스의 십자 V 넥은 목 포옹 최고의 자산의 신장, 상단을 형성합니다. 랩 드레스는 사람이 소유 할 수있는 가장 다양한 드레스로 간주됩니다 이유가있다.  몸 모양 경기 : 모든 신체 유형.  그것을 착용 : 직물 친절 해! 이 실루엣은 모든 경우에 적합하기 때문에, 당신의 스타일은 당신이 입고있는 직물을 큐 걸릴. 이면과 캐주얼의 (그러나 당신이 그것을 드레스 싶어요!) 경우에 따라 액세서리를. 실크를 착용? 운동화 나 샌들을 아래로 드레스. 또는 블랙 특허 펌프와 당신의 마음에 드는 문 기절와 함께 모든에서 이동합니다.\"\",\"\"https://s3.amazonaws.com/com.stitchfix.blog/wp-content/uploads/2018/11/05141458/W_BLG_PlusCampaign_DressesB3.jpg\"\",\"\"https://s3.amazonaws.com/com.stitchfix.blog/wp-content/uploads/2018/11/05141508/W_BLG_PlusCampaign_DressesB4.jpg\"]','2019-09-03 12:26:01.000000','2019-09-03 12:26:01.000000','https://s3.amazonaws.com/com.stitchfix.blog/wp-content/uploads/2018/11/05141355/W_BLG_PlusCampaign_Dresses-SQ-296x296.jpg',1,3),(17,'사용하는 방법 : 스타일리스트에게 문의해주세요','[\"새로운 스티치 수정 스타일의 코디 섹션은 모든 패션 딜레마에 대해만한 자료입니다 문의하십시오. 우리의 스티치 수정 스타일리스트는 이미 스타일 라고요 창조, 날카로운 & 자연스럽게 스며 chicness의 분야에서 훈련을하고 있습니다. 지금 당신은 마지막으로 그들에게 직접 액세스 할 수 있습니다! 패션 비상 (또는 간단한 질문이) 발생 때마다 질문을뿐만 아니라, 여기에 스타일리스트에게 물어 사용할 수있는 몇 가지 멋진 방법이 있습니다.\",\"당신은 수정을 얻을 때\n당신이 스타일을하는 방법을 완전히 확실하지 않다 당신의 수정에 뭔가를 수신? 소스로 바로 머리와 방법을 착용 및 기존 옷장 조각과 페어링하는 스타일리스트를 부탁드립니다. 이 새로운 정상은 이미 자신이 바지를 이동 하는가? 이 올바르게 내게 맞는합니까? , 사진을 찍 최대한 빨리 회신 해 드리겠습니다 귀하의 질문 및 스타일리스트로 업로드합니다.\n당신은 다가오는 이벤트가있을 때\n예를 들어, 곧 뜨거운 날짜, 면접, 휴가 또는 고등학교 동창회,이 있나요? 우리가 도와 드리겠습니다! 당신이 계획하고 어떤 이벤트 스타일리스트에게 또는 뭔가 적절한 있는지 물어, 당신은 순식간에 개인, 전문가의 조언을받을 수 있습니다.\",\"\",\"https://s3.amazonaws.com/com.stitchfix.blog/wp-content/uploads/2016/02/20045921/AAS-745x380.jpg\",\"\"]','2019-09-03 12:26:01.000000','2019-09-03 12:26:01.000000','https://s3.amazonaws.com/com.stitchfix.blog/wp-content/uploads/2016/02/20045921/AAS-square-296x296.gif',2,1),(18,'옷장에 구비해둘 9가지 편안한 복장','[\"겨울 날씨는 당신을 실망있어? 다음 겨울 믹스는 예측이수록 같은 무서운 것입니다 훌륭한해도 기분에서 당신을 유지하지 마십시오. 양털 안감 레깅스에 케이블 니트에서, 여기 당신이 세련 다음 눈 pocalypse을 기다릴 필요가 9 개 겨울 필수입니다.\",\"1. 카디건\n\n오픈 가디건 캐주얼하고 편안한 보관하십시오. 사무실에서 하루에 대 한 흰색 버튼 업에 그것을 층 또는 그 아래에 mockneck 스웨터와 냉각 유지.\n2. 호흡기 조끼\n\n호흡기 조끼 - 최고의 층 추운 날씨에 대한 준비는 하루 종일 바짝 구워 유지합니다. 제일 좋은 부분? 레이어에 세련된 포획을 위해 무거운 Peacoat을 아래를 레이어.\n3. 가짜 모피 조끼\n\n모피는 우리의 친구,하지만 물론 가짜 다양한입니다. 이 슈퍼 럭셔리 패브릭은 우리의 마음에 드는 아늑한 질감이 휴일입니다. 그것은 당신이 겨울로 전환 드레스에 걸쳐 상승 있어요하지만 캐주얼 - 당신은 청바지를 착용하거나 계층.\n4. 조깅\n\n화재에 의해 가깝게 지내 보낸 하루 조깅 한 쌍으로 슬립. 심부름을위한 운동화와 페어링이 밖에하거나 실내, 잘 보낸 하루 당신의 봉제 실내 슬리퍼로 미끄러.\",\"5. 발목 부티\n\n발목 옷 - 우리가 제일 좋아하는 가을 스테이플. 이 신발은 가짜 모피 부팅 줄 지어 될 일이 특히 너무 겨울에 잘 작동합니다. 사람은 아늑한라고 했나요?\n6. 격자 무늬 버튼 업\n\n나무꾼 또는 전혀 나무꾼은, 체크 무늬는 궁극적 아늑한 필수적이다. 추운 날씨가 정말 치고 시작하면 특히 좋아하는 청바지 나 레깅스와 결합 할 때.\n제 Cowlneck 스웨터\n\n터틀넥의 낮은 키 사촌. cowlneck 스웨터 화재하여 잠시 라운지를 번들 또는 사무실에 밖으로 머리를 할 수있는 가장 쉬운 방법입니다.\n8. 컬러 데님\n\n굵은 청바지 오는 색상을 유지합니다. 당신의 주식 니트와 블라우스 같은 줄무늬 스웨터와 색상의 데님을 착용 할 것.\n9. 호흡기 코트\n\n무엇 온통 따뜻하고 부드러운 심각 아늑한입니까? 호흡기 코트! 거의 네거티브에의하더라도 호흡기 코트는 추위를 얻을 때 착용 할 수있는 중요한 주식이다. 시즌 하나에 투자하고 년이 오기를 당신이 그것을해야합니다.\",\"https://s3.amazonaws.com/com.stitchfix.blog/wp-content/uploads/2017/12/31132618/W_BLG_CoziestCloset_GRID-150-1.jpg\",\"https://s3.amazonaws.com/com.stitchfix.blog/wp-content/uploads/2017/12/31132618/W_BLG_CoziestCloset_GRID-150-1.jpg\"]','2019-09-03 12:26:01.000000','2019-09-03 12:26:01.000000','https://s3.amazonaws.com/com.stitchfix.blog/wp-content/uploads/2018/10/31131420/W_BLG_CoziestCloset_SQ-296x296.jpg',1,4),(19,'오피스 스타일을 위한 WECODI','[\"스티치 수정 받고 수정과 우리 자신의 강박 관념에 대한 것들의 목록에 당신은 (아마도) 몰랐다. 그들은 일반적으로 사무실 배송 및 정지 - 모든-멋져요-하고 즉석 패션쇼와 함께 제공하고 있습니다. 있다 \"ooohs\"와 \"ahhhs\"때때로 우리는 우리의 동료와 조각을 교환합니다. 진리는 말했다 수 : 우리가 사는 & 스티치 수정 경험을 호흡.\",\"알렉산드라 O., 스타일링 감독자. 약간 느슨한 니트에 레이어 아기 범프 포함합니다.\n안토니아 H., 독점 브랜드 생산 지원. 짧은 인쇄 드레스를 통해 더 이상 자동차 코트를 착용 할 것.\n브리트니 B., 창조적 인 상품 관리자. 스커트 & 맨 손으로 다리와 옷을 착용하십시오. 그냥 긴 소매 위쪽을 추가합니다.\n캐리 T., 보상 분석가. 드리 워진 가디건처럼, 대형 층으로 고전 블라우스를 사용해보십시오.\n엘렌 B., 제품 디자인의 헤드. 블랙 온 블랙 자연스럽게 세련된. 초초 직장 분위기를 위해 가짜 가죽을 추가합니다.\n예나 W., 독점 브랜드의 이사. 과장 코트 길이는, 시대를 초월한 살포기처럼 재킷보다 더 많은 영향을 추가 할 수 있습니다.\",\"\",\"https://s3.amazonaws.com/com.stitchfix.blog/wp-content/uploads/2016/01/19200136/Blog_OfficeCheatSheet_EmployeeGrid-2-910x1024.jpg\",\"\"]','2019-09-03 12:26:01.000000','2019-09-03 12:26:01.000000','https://s3.amazonaws.com/com.stitchfix.blog/wp-content/uploads/2016/01/19200136/OfficeCheatSheet_Social-296x296.jpg',2,2),(20,'글래머들을 위한 5가지 필수템','[\"커피 : 다시 다시 도달 할 수 옷장에 조각을 갖는 것은 평온한의 열쇠입니다 아침 - 그래서 당신은 가장 중요한 일에 집중할 수 있습니다. 당신의 가장 신뢰할 수있는 동료는,이 옷장 스테이플 아래를 두지 만 쉽게 옷 입어요 만들 않을 것이다, 더 편리하게, 스트레스 무료 감히 우리 말 - 재미!\",\"1. 아늑한 스웨터\n\n우리는 단지 그것을 말하는 것입니다. 스웨터 날씨는 여기! 그리고, 두꺼운, 고급스러운 카디건이나 스웨터에 자신을 포장보다 더 나은거야. 그것은 당신이 하루 종일 입어야 문자 그대로의 포옹입니다. 보너스 포인트는 캐시미어와 당신의 피부를 키스하는 경우. 당신이 전환 #moment을 떨어 여름에 여전히 경우, 대신 가벼운 스웨터를 찾습니다. 그것은 작업에 대한 체포 블라우스 토요일 올 편안한 청바지와 짝을 기본면 티를 통해 계층화 할 수 있습니다.\",\"2. 영원한 블라우스\n\n꼬리 치는 재미! 여성스럽고 부드러운. 클래식하고 깨끗한. 캐주얼하고 편안한. 귀하의 개인 스타일이 무엇이든간에, 당신의 미적으로 묶는 블라우스를 선택하고 설정입니다. 초월한 블라우스 가디건과 함께, 재킷 아래에 착용하고 좋아하는 청바지의 완벽한 동반자입니다 수 있습니다.\",\"https://s3.amazonaws.com/com.stitchfix.blog/wp-content/uploads/2018/10/30161119/W_BLG_PlusCampaign_Essentials_B1.jpg\",\"https://s3.amazonaws.com/com.stitchfix.blog/wp-content/uploads/2018/10/30161119/W_BLG_PlusCampaign_Essentials_B1.jpg\"]','2019-09-03 12:26:01.000000','2019-09-03 12:26:01.000000','https://s3.amazonaws.com/com.stitchfix.blog/wp-content/uploads/2018/10/30161203/W_BLG_PlusCampaign_Essentials_sq-296x296.jpg',1,1),(21,'스타일리스트에게 물어보세요 : 어떻게 드레스 모양을 고를지','[\"당신의 신체 유형에 드레스하는 방법을 배우는 것은 까다로울 수있다. 첫째, 당신은 당신이 사과 또는 역 삼각형 인 경우 파악해야합니다. 아니면 사각형입니다. 또는 바나나. 그리고 당신은 당신의 형상 (또는 과일)을 아첨 실루엣을 찾을 수있다. 우리는 당신에 대해 잘 모르지만, 그것은 소모적입니다.\",\"Q : 당신은 당신의 신체 유형이 무엇인지 무엇을 모른다면? 당신은 어떻게 알 수 있습니까?\nA는 대신 \'체형\'의 관점에서 생각의 \"당신이 강조 사랑 또는 어느 것 어느 지역이 은폐 같은 느낌에 대해 생각합니다. 당신은 자신에 대해, 경시 또는 각 부분을 강조 도움이 열쇠 조각을 시도한다는 것을 발견하면. 그것은 당신이 놀라운 느낄 수있는 권리 적합을 찾는 것에 대해 전부입니다. \"\",\"\",\"https://s3.amazonaws.com/com.stitchfix.blog/wp-content/uploads/2016/01/15122719/03_06_W_04W3_BLG_SPR17_Your-Guide-To-Necklines-For-Every-Body-Shape_v4_0153_PR-1.jpg\",\"\"]','2019-09-03 12:26:01.000000','2019-09-03 12:26:01.000000','https://s3.amazonaws.com/com.stitchfix.blog/wp-content/uploads/2015/12/15005155/year-in-review-square-red.jpg',2,3),(22,'평일&주말 스웨터 코디법','[\"마지막으로! 이 스웨터 날씨입니다. 이번 시즌, 우리는 다양한 텍스처, 직물과 적합의 매쉬업을 사랑하고 있습니다. 두툼한 스웨터와 봉제 풀오버와 터틀넥에 케이블 니트에서 스웨터는 추운 날씨 옷장을 업데이트하는 가장 쉬운 방법입니다. 우리는 더 말할 화끈하게 놀아하지만 정말, 한 스웨터 스타일의 여러 가지 방법이 뽑아-함께 평일의 모습 이동 - 게터 캐주얼 라운지 - 사랑은 주말에 걸릴 수 있습니다.\",\"클래식 케이블\n\n스누즈 버튼을 눌렀을하고 쌀쌀한 평일 아침에 내부적으로 크롤링에 다음 가장 좋은 것은? 꿈결 같은 크림 컬러의 슈퍼 부드러운 케이블 니트 스웨터를 입고. 중간 길이의 스커트, 플러시 스웨이드 옷과 화려한 클러치와 결합 할 때이 시대를 초월한 패턴은 매우 중 - 순간 느낀다. 조합은 너무 놨는데 업 스마트 전문, 아직 말했다. 검은 색 레깅스와 허벅지 높은 부츠 한 켤레의 치마를 스왑, 당신은 토요일 밤에 설정하고 있습니다.\",\"문 슬리브 스웨터\n\n아무것도 잎 회전 색상의 팔레트처럼 가을 말한다. 반드시 일치하지 않지만, 서로를 보완 않는 색상에 대한 이동합니다. 상위로 성명 소매, 번제 오렌지 스웨터 올리브 데님 바지의 쌍 대비 뒤꿈치 검은 색 옷으로 마무리합니다. 온 경향 동물 인쇄를 추가하면 즉시 스타일이 \"재치 시키을.\"(그 내용은 \"노하우\"영어 프랑스어의 \"와우 알아!\"). 표정이 자신 만의 고유 한 버전을 만들고 weekday- 또는 주말에 준비 아무것도합니다.\",\"https://s3.amazonaws.com/com.stitchfix.blog/wp-content/uploads/2018/10/29164452/W_BLG_WeekToWeekendSweaterDressing4.jpg\",\"https://s3.amazonaws.com/com.stitchfix.blog/wp-content/uploads/2018/10/29164442/W_BLG_WeekToWeekendSweaterDressing3.jpg\"]','2019-09-03 12:26:01.000000','2019-09-03 12:26:01.000000','https://s3.amazonaws.com/com.stitchfix.blog/wp-content/uploads/2018/10/29164434/W_BLG_WeekToWeekendSweaterDressing_SQ-296x296.jpg',1,2),(23,'우리는 이제 모바일입니다!','[\"그것은 여기! 우리의 브랜드 새로운 스티치 수정 아이폰 앱을 소개합니다. 이제, 스티치 수정에 대한 사랑 모든 것을 더욱 편리 및 개인 어느 때보 다입니다. 하는 수정 예약 확인 및 심지어 손가락의 몇 가지 탭으로 이동 중에도 당신의 스타일리스트 - 모든 동안 함께 사진을 공유 할 수 있습니다. 미팅에서? 식료품 가게에서 줄? 객실에서 최신 수정에 노력? 당신이 스냅에 세련된 볼 수 있도록 어디에서든 새로운 응용 프로그램입니다.\",\"귀하의 스타일리스트와 함께 사진을 공유\n사상 처음으로, 당신은 당신의 스타일리스트와 함께 공유 할 수있는 사진을 업로드 할 수 있습니다! 이제 스타일리스트, 당신의 눈 색깔, 머리 색깔 및 피부 톤을 보완하기 위해 더 나은 항목을 선택보다 개인화 된 당신의 수정을 할 수 있습니다.\n\n스타일리스트 팁 : 지금까지 최고의 사진을 복용에 도움이되는 힌트를 원하십니까? 우리의 10 쉽게 사진 멋진 팁을 확인해보세요.\",\"\",\"https://s3.amazonaws.com/com.stitchfix.blog/wp-content/uploads/2015/10/22155036/StitchFixMobile.jpg\",\"\"]','2019-09-03 12:26:01.000000','2019-09-03 12:26:01.000000','https://s3.amazonaws.com/com.stitchfix.blog/wp-content/uploads/2015/08/31142815/17-10-19_Set_4_W_SOF_v1_0147_SQ-296x296.jpg',2,4),(24,'올해가 가기전 옷장 정리하는 법','[\"우리는 (! 당신 및 우리의) 스타일에 집착하고 있지만 우리는 또한 흠 옷장을 사랑 해요. 우리는 옷을 제거하는 것이 쉬운 일이 아닙니다 그것은 - 알아,하지만 당신은 더 나은, 놀라운 느낌과 더 나은 귀하의 개인 스타일의 목표를 반영 맞게 조각을 위해 더 많은 공간을 만들기로 생각합니다. 조직 옷장을 갖는 것은 또한 당신이 아침에 준비하는 데 걸리는 시간이 줄어 듭니다 (당신을 위해 더 Zzzzzs!).\",\"언젠가 큰 클린 아웃 날이 도착하기 전에, 당신이 (그 의심 항목에 대한 몇 가지 힘든 사랑으로 도와주는 친구 포함)해야합니다 몇 가지를 수집합니다.\n기부 박스\n\n쓰레기통에 옷을 던지는 않도록하십시오. 깨끗하고 여성의 쉼터 또는 원하는 비영리 중고 저장소에 구멍 / 눈물 / 얼룩 무료 아무것도 기부. 그들이 천연 섬유로 만들어진하는 경우 착용하기 충분한 형태에없는 상황이 종종 가정용 천 위해 절단 또는 퇴비 수 있습니다.\n오후\n\n사전에-다시 구성됩니다 당일에 결정하고 일정-그런 식으로 표시, 당신은 브런치 또는 소파에 lounging에 대한 일정을 유혹되지 않습니다. 적어도 반나절을 (당신이 진짜 clotheshorse 인 경우 전체 8 시간 계획) 개척. 당신은 당신의 프로젝트의 범위에 따라, 음식 나누기 어쩌면 약간 신선한 공기가 필요합니다.\n친구\n\n당신은 또한 쇼핑 친구의 친구가 있습니까? 그렇다면, 그들이이 프로젝트에 도움을 얻을하려고합니다. 당신은 당신이 결정적인 도움이 될 수있는 사람이 필요합니다, 당신의 라이프 스타일을 알고 당신이 그것을 착용해야하고, 그 어려운 결정 (감상적인 이유로 툭 무도회 드레스를 유지하거나 3 연필을위한 공간을 만들기를 할 때 당신이 강세를 도울 수 스커트와 2 버튼 다운?). 카페인과 테이크 아웃 점심 행복을 유지해야합니다.\",\"일부는 다른 사람이 아니라, 클렌징, 그것을 발견,이 부분이 어려운 찾을 수 있습니다. 당신이 내 가을 어느 스펙트럼, 당신은 당신이 더 이상 착용하지 물건을 정화하지 않고 조직 부분을 할 수 없습니다. 아침에 돌진 (또는 날짜의 밤 준비) 할 때, 당신은 당신이 착용하지 않겠다고 조각을 통해 강선되고 싶지 않아. 이 과정의 끝에서, 당신의 옷장은 이상적으로 만 정말 잘 맞는 당신이 소유하고 다른 많은 것들을 함께 좋아 보인다, 얼룩 - 및 - 눈물 - 무료 조각으로 채워집니다.\n계속할지 결정하는 방법\n\n당신의 의복 올스타 라인업을 선택할 때, 각 부분에 대한 이러한 질문 :\n\n    그것은 나에게 좋은 느낌을합니까?\n    나는 그것을 착용하고 보는 방식을 사랑하나요?\n    그것은 좋은 모양인가?\n    내 다른 모든 별의 많은 이동합니까?\n    그것은 높은 유지 보수인가? (당신은 좋은, 세탁소에 주간 여행을하는 경우가 아닌 경우, 세척이 용이하지 않은 항목을 다시 생각.)\n\",\"https://s3.amazonaws.com/com.stitchfix.blog/wp-content/uploads/2018/01/13140715/W_BLG_OrganizeYourCloset4.jpg\",\"https://s3.amazonaws.com/com.stitchfix.blog/wp-content/uploads/2018/01/03151009/W0102_BLG_Ultimate-Closet-Cleanse_HF.jpg\"]','2019-09-03 12:26:01.000000','2019-09-03 12:26:01.000000','https://s3.amazonaws.com/com.stitchfix.blog/wp-content/uploads/2018/12/13174822/W_BLG_OrganizeYourCloset_SQ-2-296x296.jpg',1,3),(25,'이것이 wecodi 입니다 : 쇼핑하는 새로운 방법','[\"이제까지 당신이 옷은 당신을 위해 선택 문앞에 보냈을 수 있으면 좋겠다? 이 스티치 수정 함께 할 생각 해보자. 당신이 우리 듣지 아니하며, 첫 번째 수정을 기다리는 적이 있는지 여부, 여기에 무엇을 기대해야하는지 상세한 내용에 대한 빠른 개요입니다.\",\"그래서 당신은 당신의 수정 및 궁금 기다리고있어; 무슨 일이 다음에 어떻게됩니까? 당신의 스타일리스트의 추천이 문앞에 도착하기 전에 다음 수정 시간 (단지 와인 등)을 통해 더 좋아 계속 있도록 수정이 도착하면, 여기 당신이해야 할 일의 상세한 내용에 대한 빠른 개요입니다.\",\"우리가 바로 그것을 말해! 그것은 당신의 수정에 관해서 특히 우리는 피드백에 번성. 당신이 체크 아웃 할 때, 당신이받는 각 항목에 대한 자세한 의견을 남길해야합니다. 그것은 당신의 스타일리스트가 기본 설정을 배우고 우리의 알고리즘 (예, 우리가 그 사용)하여 착용감과 스타일을 이해하기 시작하는 방법 어떻게 그것의, TMI 아니다. 그래서 당신이 생각하는 모든 것에 루프에서 우리를 유지합니다.\",\"https://s3.amazonaws.com/com.stitchfix.blog/wp-content/uploads/2015/08/25160700/Oct-03-2017_Set_2_W_OLD_v3_PR-1.jpg\",\"https://s3.amazonaws.com/com.stitchfix.blog/wp-content/uploads/2015/08/25160755/Oct-03-2017_Set_2_W_OLD_v5_PR.jpg\"]','2019-09-03 12:26:01.000000','2019-09-03 12:26:01.000000','https://s3.amazonaws.com/com.stitchfix.blog/wp-content/uploads/2015/07/03171724/Stylist-fall-forcast_blog-tile-296x296.jpg',2,1),(26,'어디에 있던 날씨에 맞는 코디하기','[\"귀하의 라이프 스타일에 맞게,하지만 해당 지역의 기후에 대한 완벽한뿐만 아니라 전천후 스타일을 추구? 우리는 당신의 스타일 요구 (이 올해 어디로 가는지 또는) 당신이 상관없이 덮여있다. 비, 진눈깨비 또는 눈이 햇빛에서 당신의 전환을 도움이 될 것입니다 기능성 옷장 영감을 읽는 유지하십시오.\"\",\"\"추운 날씨 쿨\n\n임시 직원이 코 다이빙을 할 때 레이어는 필수적이다. 더위에 팩을하는 동물 프린트 풀오버와 절연 조끼 야생 이동합니다. 멈추지 말고 또 다른 레이어에 한 단계 더 더미를가-걸릴. 이것은 우리가 이야기하고있는 겨울입니다. 모피 안감 데님 코트 버튼 위로 가장 큰 패턴 랩 찾을 수 있습니다, 그것은 서리에 직면 할 시간 때 잘 수 있습니다.\"\",\"\"그 눈을 보자!\n\n눈이 위장 및 모피 늘어선 요소로부터 사용자를 보호하기 위해 하이킹 부츠에 빠지게 시작할 때 정중 한 이동합니다. 겨울은 잔인 할 수 있지만, 당신은 다정하고 아늑한 크림 터틀넥 스웨터에 물린 부드럽게 눈을 말한다 부드러운, 그러나 치열한 룩 팩커 블 호흡기 홍당무, 형제 \'나 올 수 있습니다!\"\",\"\"https://s3.amazonaws.com/com.stitchfix.blog/wp-content/uploads/2018/12/13130328/W_BLG_Jan-Wk-1_-Regional-Dressing4.jpg\"\",\"\"https://s3.amazonaws.com/com.stitchfix.blog/wp-content/uploads/2018/12/13130318/W_BLG_Jan-Wk-1_-Regional-Dressing3.jpg\"]','2019-09-03 12:26:01.000000','2019-09-03 12:26:01.000000','https://s3.amazonaws.com/com.stitchfix.blog/wp-content/uploads/2018/12/13130258/W_BLG_Jan-Wk-1_-Regional-Dressing-296x296.jpg',1,4),(27,'wecodi는 당신의 옷장을 5가지 방법으로 변경할 수 있습니다','[\"이봐, 우리를이다, 수정 스티치! 당신은 우리가 당신의 옷장을 변경하고 개인적인 스타일의 탐사를 지원하기 위해 거기의 사업을하고 있다는 사실을 알고 계십니까? 당신은 우리가 그들이 당신이 사랑하는 것 같아요 새 항목을 따기 사랑 3,000 스타일리스트를 통해이 사실을 알고 계십니까? 자세한 내용을 알고 싶으십니까? 여기에 우리가 올해 당신의 옷장을 변경할 수 있습니다 다섯 가지 방법이 있습니다.\",\"1. DISCOVER 새로운 트렌드는 사랑\n우리의 스타일리스트는 즉시 착륙으로 매 추세의 상단에 있습니다. 그래서, 당신을 위해 무엇을 의미합니까? 즉시 당신이 수정을 예약하고 당신의 스타일리스트를 보자 당신이 당신이 마을 주변을보기 전에 최신의 그리고 최고의, 그들은 당신의 문에 있습니다 원하는 것을 알고있다.\",\"그냥 * GETS 2. 개인 스타일리스트 * 당신을\n당신의 클립 보드에 당신의 스타일 프로필에서, 우리의 스타일리스트는 세부 사항에 집착하고 있습니다. 그리고, 그들은 당신에게 각 시간을 더 알게 당신이 우리와 함께 공유하는 모든 정보를 사용합니다. 우리는 당신의 100에 첫 번째 수정에서 바로 그것을 얻을 수 있도록 그래서, 우리에게 모든 것을 이야기한다.\n\n\",\"https://s3.amazonaws.com/com.stitchfix.blog/wp-content/uploads/2018/01/02160425/W0102_BLG_5-Ways-Stitch-Fix-Can-Change-Your-Closet_Checklist.jpg\",\"https://s3.amazonaws.com/com.stitchfix.blog/wp-content/uploads/2018/01/02160425/W0102_BLG_5-Ways-Stitch-Fix-Can-Change-Your-Closet_Checklist.jpg\"]','2019-09-03 12:26:01.000000','2019-09-03 12:26:01.000000','https://s3.amazonaws.com/com.stitchfix.blog/wp-content/uploads/2018/01/02160324/W0102_BLG_5-Ways-Stitch-Fix-Can-Change-Your-Closet_SQ-296x296.jpg',2,2),(28,'스타일리쉬하게 푸퍼 자켓 입기','[\"겨울이 빨리오고있다! 그리고 그와 함께, 우리는 우리의 겨울 옷장을 끌어 시작합니다. 당신은 당신이 년 동안 했어 코트의 조금 피곤해지기 시작하는 경우에, 어쩌면 우리의 독점적 인 팩커 블 호흡기로 업그레이드 할 때입니다! 가볍고 따뜻한 바짝 구워, 우리의 시장 및 스프 루 팩커 블 호흡기 미친 귀엽고 다양한 패션 우리의 온도계 드롭 시작할 때를위한 주식 - 그리고 보너스 : 정말 수납 가능합니다!\",\"작동시켜\n\n작업을 착용하십시오. 냉간 통근 공기는 당신이 당신의 복장에 의문을 제기하고 유지 하는가? 화려한 호흡기와 레이어. 약간의 색상을 추가하면 어떤 작업복 복장을 밝게하는 쉬운 방법이며, 그것은 실제로 당신을 따뜻하게 할 때 더 나은입니다. 가서 저 당신이 사무실 온도를 유지 사랑스러운 재킷 아늑한을 유지하고있다.\",\"마음 편한\n\n캐주얼 물건을 보관하십시오. 보통 스웨터 레이어링 그냥 잘라하지 않을 된 팩커 블 호흡기를 잡아. 우리는 그것을위한 진짜 이유가없는 경우에도 여전히 귀여운보고 싶지 알고있다. 당신이 온도가 하루 종일 톤 변동 곳에서 사는 경우에 당신은 항상 당신의 주위에 당신의 호흡기를 묶을 수있다 (아침, 따뜻한 오후를 동결) 허리 - 경량 기술은 부피가 찾고에서 유지!\",\"https://s3.amazonaws.com/com.stitchfix.blog/wp-content/uploads/2018/10/29163159/W_BLG_PackablePuffers4.jpg\",\"https://s3.amazonaws.com/com.stitchfix.blog/wp-content/uploads/2018/10/29163142/W_BLG_PackablePuffers2.jpg\"]','2019-09-03 12:26:01.000000','2019-09-03 12:26:01.000000','https://s3.amazonaws.com/com.stitchfix.blog/wp-content/uploads/2018/10/29163133/W_BLG_PackablePuffers_SQ-296x296.jpg',1,1),(29,'한 번에 하나의 수정 : 스타일  교정을 시작하는 방법입니다.','[\"스티치 수정이 더 좋을 수있는 하나의 간단한 아이디어, 즉 쇼핑에서 태어났다. 우리의 설립자, 카트리나 호수, 그녀는이를 변경할 수 있다는 것을 알고 있었다. 그래서, 그녀는 한 번에 ... 세계에 하나의 수정을 더 흥분, 재미와 모든 개인 소매 경험 이상을 가지고 착수했다.\n\",\"WHERE IT ALL이 시작\n그래서, 우리는 당신이 궁금 내기. 어떻게 이런일이 일어 났습니까? 음, 우선, 카트리나 쇼핑이 깨진 것을 느꼈다. 전자 상거래는 여전히 쇼핑을하고 벽돌과 박격포는 하회했다 이상적인 방법이 아니었다. 그래서, 그녀는 \"소비자가 실제로 소매에서 뭘 원하는거야?\"자신을 물었다 거기에서, 그녀는 항상 먼저 클라이언트 (즉, 당신이!)과 자신의 경험을두고 팀을 만들었습니다. 우리는 열정, 에너지 혁신이고 우리는 우리가 무엇을 좋아합니다. 샌프란시스코, 오스틴 피츠버그에있는 우리 사무실의 복도 산책, 또는 전국 우리의 창고에있는 모든 직원과 모든 스타일리스트는 모두 각에두고 T.L.C 경험할 때, 선적을 잘, 그것은 마법처럼.\n\",\"우리가 제일 좋아하는 공정표\n한 번에 하나의 수정\n카트리나는 하버드 비즈니스 스쿨에있는 동안 스티치 수정의 원래 아이디어는 매사추세츠 주 캠브리지에있는 아파트에서 시작했다. 다음은 길을 따라 우리가 제일 좋아하는 이정표의 몇 가지 있습니다.\",\"https://s3.amazonaws.com/com.stitchfix.blog/wp-content/uploads/2017/11/04130030/KL_00005.jpg\",\"https://s3.amazonaws.com/com.stitchfix.blog/wp-content/uploads/2017/12/04143006/W_BLG_HOL17_The-Stitch-Fix-Origin-Story.jpg\"]','2019-09-03 12:26:01.000000','2019-09-03 12:26:01.000000','https://s3.amazonaws.com/com.stitchfix.blog/wp-content/uploads/2015/08/31142815/17-10-19_Set_4_W_SOF_v1_0147_SQ-296x296.jpg',1,2),(30,'위코디가 추천해주는 2019년 레깅스 의상','[\"쉬운 세련되고 편안한 - 우리는 레깅스와 연애 데있어 당연. 이 신축성 스타일의 스테이플은 체육관 쥐와 yoginis 더 이상 없지만, 모든 여성을 위해 용서만큼 아첨의 세련된 실루엣을 자랑하고 싶었. 올해는 레깅스 직물, 질감, 패턴과 색상의 무수한에 진열되어있다. 이 인기 모습을 당기에 트릭? 그것은을 혼합에 대해 전부입니다. 레이어와 재생 비율 높은 낮은 이동, 잘 쌍 차기를 선택하는 것을 잊지 마세요. 스타일의 근육을 스트레칭 : 레깅스를 착용하는 방법\n우리를 위해 운이 좋은 레깅스는 이제 공식적으로 본격적인 바지로 간주됩니다. 스타일 편안함을 거래하는 것을 거부 여성에 대한 좋은 소식은 (음, 안녕하세요, 즉, 바로 단지에 대한 우리 모두의입니까?). 상관없이 연령, 체형, 레깅스 착용이 용이하지 않습니다. 트릭은 다음 단계로 그 캐주얼 한 분위기를 가지고-따라 행사-이상에 아이템을 착용하는 것입니다. 그것은 예술 형태의 비트 그리고 우리는 당신을 위해 의상 아이디어 레깅스의 사진을 몇 페인트 드리겠습니다.\",\"블랙 레깅스의 아름다움\n블랙 레깅스 단지에 대한 어떤 색깔과 잘 조화. 당신의 마음에 드는 꽃 무늬 드레스를 입고 따뜻한 방법 검은 양털 레깅스의 쌍에 대한 귀하의 불투명 스타킹을 전환합니다. 밝은화물 재킷과 클러치를 추가하면 어느 계절에 대한 준비가 된 것입니다. 우리는 또한 검은 터틀넥과 검은 옷과 레깅스의 검은 쌍 단순함을 사랑 해요. 단색도 성명을합니다.\",\"기쁘게 패턴 플레이\n미묘한 인쇄 또는 패턴은 dressier, 더 정교한 모양을위한 완벽한 파트너입니다. 우리는 팝의 색 스웨터 레깅스 어두운 갈색 동물 인쇄의 대비를 사랑 해요. 트렌치 코트와 가죽 로퍼 한 쌍의 모습을 마칩니다. 편리한 운반을 추가하면 거리 또는 활주로에 충돌 할 준비가되었습니다. 글램 레깅스는 비행기 오프에 세련된 모습을 바위하자.\n\n\",\"https://blog.stitchfix.com/wp-content/uploads/W_BLG_LeggingsOutfits7.jpg\",\"https://blog.stitchfix.com/wp-content/uploads/W_BLG_LeggingsOutfits5.jpg\"]','2019-09-03 12:26:01.000000','2019-09-03 12:26:01.000000','https://s3.amazonaws.com/com.stitchfix.blog/wp-content/uploads/2018/10/12143042/W_BLG_LeggingsOutfits21-296x296.jpg',1,2),(31,'막판 wecodi 선물 가이드를 알아보세요! ','[\"휴일 쇼핑에 머리 시작을 얻기? 스티치가 목록에 그들이 사랑하는-A 것이다 선물 스티치 수정 선물 카드를 모두 얻기를위한 당신의 원 스톱 쇼핑을 수정하여이 올해 추가 쉽게! 그들은 패션 사랑, 또는 그리 많이하지하든 모든 남자와 여자들이의 선물 사랑 스타일 및 언급-A를 단지 취득하기 스타일리스트.\",\"선물 DAD 무엇 아빠가 아빠 청바지에 작별 인사 및 차단 티 이익을 위해 도움이됩니다. 그는 (쇼핑 센터에있는 분을 지출하지 않고) 새 옷을 자신의 전달을 위해 기다리고있는 동안, 그를 앉아서 블루 병 커피에서 커피의 좋은 컵을 모금 할 수 있습니다. 또는, 그에게 그 그림 완벽한 순간 복장을 포착하기 위해 새로운 카메라와 함께 행복 스냅합니다.\",\"선물의 MOM 무엇 엄마는 말씀입니다! 그녀는 당신의 인생에서 최고의 여자, 그래서 선물 그녀의 큰 그녀가 스스로받지 않습니다 알고있는 일이 휴일. 그녀는 개인 스타일리스트와 자신을 처리 할 수 ​​있도록 그녀가 캐주얼 드레싱에 대한 전부 또는 시간의 100 % 인상을 옷을 좋아하든, 그녀에게 스티치 수정 선물 카드를 얻을. 모두가 좋아하는 믹서에 추가 또는 그녀가 가죽 지퍼 케이스와 함께 그녀의 보석을 모두 저장 도움이됩니다.\",\"https://stitchfix.com/gifts\",\"https://stitchfix.com/gifts\"]','2019-09-03 12:26:01.000000','2019-09-03 12:26:01.000000','https://s3.amazonaws.com/com.stitchfix.blog/wp-content/uploads/2016/12/21152714/W_BLG_Stitch-Fix-Gift-Card-Guide_SQ-296x296.jpg	',2,4),(32,'가을 자켓 : 위코디 추천 레이어링 스타일','[\"(가을 들어 가장 친한 친구) 새 BFFF을 만나보십시오. 로하지 중장비는 호흡기하는 cardie처럼 가벼운하지, 우리의 가을 자켓 추천 완벽한 추운 날씨 동반자입니다. 이번 시즌은, 우리가 좋아하는 실루엣은 가을의 보석 톤의 색조에 담근하고, 영리 가짜 가죽, 슈퍼 부드러운 스웨이드와 튼튼한면으로 제작된다. 당신의 가을 스테이플 이상이 스마트 스타일을 착용 -과 최고의 식혀의 따뜻한 레이어 된 모습을 - 봉제 스웨터와 체크 무늬 셔츠에서 몸 감추고 니트 드레스와 고민 데님.\",\"현대 가죽 자켓\n아무것도 꽤 가죽 재킷도 가짜 다양한 것과 같은 \"쿨\"말한다. 아마 나쁜 소년의 분위기는 60 년대, 70 년대, 80 년대의 록 밴드에서 남은 것이 있습니다. 그것이 무엇이든간에,이 다목적 전천후 옷장의 주식은 거의 모든 의상에 캐주얼 세련된 스핀을 넣을 수 있습니다. 고민 남자 친구 청바지와 낮은 키 모양의 격자 무늬 셔츠, 또는을 가진 팀은 애호가 사건에 대한 약간의 블랙 레이스 드레스에 그것을 층.\",\"세련된화물 JACKET\n하나 이상의 방법으로 공리주의,화물 재킷이 등장 밝은 색상이 시즌 (레스이 빨간색!)뿐만 아니라 원래 군대 녹색을합니다. 당신이 부드러운 티와 편안한 레깅스와 페어링하거나 flowy 드레스와 클래식 펌프에에 만나고을 받고있어 여부를이 경량 재킷은 방법의 군중에 스타일을 지정할 수 있습니다. 인스턴트 스타일 스타의 대담한 색조 재킷까지 중립 세트는 다른 조각을 유지.\",\"https://blog.stitchfix.com/wp-content/uploads/W_BLG_-All-of-The-Jackets-Youll-Want-this-Season-72dpi6.jpg\",\"https://blog.stitchfix.com/wp-content/uploads/W_BLG_-All-of-The-Jackets-Youll-Want-this-Season-72dpi5.jpg\"]','2019-09-03 12:26:01.000000','2019-09-03 12:26:01.000000','https://s3.amazonaws.com/com.stitchfix.blog/wp-content/uploads/2017/09/09101347/W_BLG_-All-of-The-Jackets-Youll-Want-this-Season-72dpi-296x296.jpg',1,3),(33,'소냐, Ceslee & 징, wecodi 데이터 과학자의 생활이란??','[\"당신은 우리가 스티치로 고정 할 모든 것을 통해 데이터 스레드 (의도 된 말장난)를 알고 계십니까? 우리가하는 방식에 영향을 미치는에 셔츠에 인쇄의 위치를 ​​결정할 수 있도록에서 우리의 스타일리스트는 (당신을 위해!) 자신의 선택을, 데이터는 우리의 도구 상자에서 좋아하는 도구 중 하나입니다. 이번 달, 우리는 (우리가 약속 영감을 것입니다) 동기를 유지 어떤 데이터 과학자로서 자신의 인생, 그리고 개인적인 스타일에 대한 자신의 포획에 대한 자세한 내용은 소냐 버그, Ceslee 몽고메리와 징 진으로 담소를 나눴다.\",\"데이터 과학 ON\n그것은 단지 숫자보다 더\n중요한 것부터 먼저, 당신은 어떻게 데이터 과학에 들어가나요?\n소냐 : 나는 수학 박사 학위를 가지고 및 대학원 학교에서 코드를 배웠습니다. 나는 항상 코딩-I 사랑이 너무 재미라고 생각했다. 내 박사 학위를 완료하면, 데이터 과학은 \"일.\"되고 있었다 나는 1999 년에 대학을 시작했을 때, 데이터 과학은 일하지 않았기 때문에 그것은 재미있다. 그냥 나를 위해 정렬 별처럼!\",\"TECH에있는 여성\n다양성 문제\n나는 이것이 \"매운\"대화 주제 알아,하지만 당신은 큰 기술 회사에서 여성 인의 좋아하는 부분이 있습니까?\nCeslee : 나는 우리 팀이 왜 다양성 문제 왜 다양성은 우리가 해결해야처럼 우리가 느끼는 신체 접촉 필리 일에 대해하지 않습니다에 대한 정말 좋은 비즈니스 사례라고 생각합니다. 그것은 처음부터이 회사의 핵심 경쟁력이었다. 그것은 시장에서 입을 딱 벌리고있는 구멍이었다. 당신은 당신의 제품을 제공하고있다 인구 유사 제품에 일하는 사람들을 가지고 있습니다. 그것은 다양한 관점을 가지고 제품을 만들 때 대표 관점을 가지고 매우 실용적입니다.\n\",\"https://s3.amazonaws.com/com.stitchfix.blog/wp-content/uploads/2017/10/30154556/17-10-23_Set4_W_OF_v1_0841_LS.jpg\",\"https://s3.amazonaws.com/com.stitchfix.blog/wp-content/uploads/2017/10/30154353/17-10-23_Set4_W_OF_v1_0290_LS.jpg\"]','2019-09-03 12:26:01.000000','2019-09-03 12:26:01.000000','https://s3.amazonaws.com/com.stitchfix.blog/wp-content/uploads/2017/10/30154249/17-10-23_Set4_W_OF_v1_0841_SQ-296x296.jpg',2,1),(34,'1월 판: 31일 의상','[\"새해, 당신과 당신의 스타일에 신선한 새 걸릴 새로운! 2019 만 개인적으로 그리고 전문적으로 새로운 시작을 의미하지 않는다, 그러나 그것은 또한 내년에 대한 몇 가지 스타일의 해상도를 설정할 수있는 완벽한 시간이다. 우리는 우리가 새해에 수정에서 당신을 보낼 것을 기쁘게 생각 무엇을 보여줄 시간을 할애하고 있습니다.\",\"ATHLEISURE에 킥\n모든 사람의 마음에 거점을 갖고있는 것 같아요 최근의 경향이 있다면, 그것은 Athleisure입니다. 2014 이후, 편안 세련된 모습 이륙과 대형 트럭 같은 모멘텀 둔화의 흔적을 보여줍니다있다. 너무 사랑하기 쉽고 (스타일)입니다. 주말에 눈에 헤딩? 우리는 추운 개월 동안 튼튼한 고무 밑창 부츠와 함께 두툼한 스웨터와 호흡기와 밝은 색 조깅을 제안한다.\",\"새 해, 새 데님\n데님은 항상 올바른 색상과 컷 당신이 백만 달러 같은 느낌이 무슨-와 상관없이에 의존 할 수있는 친구입니다. 선택할 수있는 많은 스타일이 있지만, 우리는 직장에서 길고 야윈 모습 어두운 세척 부츠 컷 청바지를 제안한다. 우리는 또한 당신의 모습 캐주얼을 유지하고자 할 때 색깔의 발목 청바지를 사랑하지만, 주말에 재미. 또는 당신의 마음에 드는 발 뒤꿈치와 여성스러운 블라우스와 재즈까지 당신의 고민 남자 친구 청바지 행복한 시간에 머리에.\",\"https://www.stitchfix.com/women/blog/wp-content/uploads/W_BLG_JanuaryMonthOfOutfits33.jpg\",\"https://s3.amazonaws.com/com.stitchfix.blog/wp-content/uploads/2018/12/19154340/W_BLG_JanuaryMonthOfOutfits5.jpg\"]','2019-09-03 12:26:01.000000','2019-09-03 12:26:01.000000','https://s3.amazonaws.com/com.stitchfix.blog/wp-content/uploads/2018/12/19161339/W_BLG_JanuaryMonthOfOutfits341-296x296.jpg',1,4),(35,'패션의 미래 : X 제이슨 우  in wecodi','[\"가장자리 패션 절단 및 첨단 기술의 충족을 절단하면 어떻게됩니까? 매직 발생합니다. GRAY 제이슨 우와 스티치가 모여 수정하면 어떻게됩니까? 매직 (도) 발생! 우리는 우리의 첫 번째 디자이너가 다섯 개 독점적 인 제이슨 우 만든 조각과 스티치 수정 통해서만 사용할 수의 컬렉션을 collaboration- 발표하게 된 것을 매우 기쁘게 생각합니다.\",\"데이터 과학 : 제이슨 우 항상 패션의 최전선에왔다 업계와 스티치 수정과의 협력은 우리의 스타일리스트의 조합에 대한 그의 관심에서 유래 (인간 터치 예) (예 : \"기계\") 및 개인 ( 예 : 특별한 소스).\n그는 자신의 영감과 자신의 약점을 얻는다 제이슨 우,에 대한 자세한 내용은 읽기 계속!\",\"어디 사세요? 어디서 자랐습니까?\n나는 뉴욕에 살고있는 미국 밴쿠버 대만에서 주위를 이동하고 자라.\n\n어떻게 전형적인 하루는 당신을 위해 시작합니까?\n내 휴대 전화에 붙어 내 침대 확인 이메일에 내 하루를 시작하고 있습니다.\n\n무엇 세 단어는 가장 당신에게 설명?\n조직, 진심, 바보\n\",\"https://s3.amazonaws.com/com.stitchfix.blog/wp-content/uploads/2017/10/31151418/jason-wu-blog-3.jpg\",\"https://s3.amazonaws.com/com.stitchfix.blog/wp-content/uploads/2017/10/21122340/jasonwu.jpg\"]','2019-09-03 12:26:01.000000','2019-09-03 12:26:01.000000','https://s3.amazonaws.com/com.stitchfix.blog/wp-content/uploads/2017/10/31151637/jason-wu-blog-296x296.jpg',2,2),(36,'2019년 당신에게 추천하는 스타일','[\"이봐, 당신의 기호는 무엇인가? 당신은 열정적 인 레오 또는 자유 분방 한 물고기 자리하든, 당신의 별자리에서 (또는 적어도와 재미를!) 알아 두어야 할 사항이 많습니다. 우리는 별이 직장이나 당신을 위해 가게에서 무엇을 모르는 사랑하지만, 우리는 매우 세련된 년 앞서 볼 수 없습니다.\",\"염소 자리 스타일의 자질\n간단하게 정교한. 마갈궁는 트위스트와 함께 편안하게 작품을 사랑 해요. 마갈궁 모두에 대한 것을 아늑한, 아늑한 편안함 - 당신의 기호 때문에 의미가 겨울의 깊이에서 \'흔들된다. 새해, 업데이트를 시도하고 완전히 트렌디 한 스타일에 약간의 트위스트와 같은 새로운 신발 스타일 (노새 누구?) 또는 새로운 청바지 사실 기본. 강점 : 책임, 훈련, 억제, 좋은 관리자는 좋아 : 가족, 전통, 음악, 절제된 상태, 품질 장인 스타일의 자질을 :\n자신의 스타일 매년 진화,하지만 항상 아늑한 트위스트와 함께 기본에 간단한 & 정교한 조각 주식을 사랑하는 유지\n\",\"물병 스타일의 자질\n당신은 좋아 보인다 사랑하는 열정적 인 공상적인 사회 개량가입니다. 그것은 당신의 스타일에 올 때, 당신의 성격의 * 강렬한 * 부분을 표현하기 대담한 프린트와 색상 야생 측면과 실험에 산책. 그것은 모두 당신에 주목 빛나는 대해, 그래서 훨씬 자격이 관심을 흡수하기 위해 귀하의 개인 스타일을 사용합니다. , 물병 자리에 샤인! 장점 : 지적, 프로그레시브 원래, 독립, 인도주의\n추천했습니다 : 친구, 다른 사람들을 돕는 원인으로 지적 onversation을 위해 싸우고, 듣는 재미. 스타일 자질 : 크리 에이 티브 및 최신 유행 독특한, 특이한, 반항 또는 다른\n활기찬, 실험; 프린트와 대담한 색상의 결코 찾아 볼 수없는.\",\"https://blog.stitchfix.com/wp-content/uploads/W_BLOG_What-Your-Zodiac-Sign-Says-About-Your-Style_Capricorn.jpg\",\"https://blog.stitchfix.com/wp-content/uploads/W_BLOG_What-Your-Zodiac-Sign-Says-About-Your-Style_Aquarius.jpg\"]','2019-09-03 12:26:01.000000','2019-09-03 12:26:01.000000','https://s3.amazonaws.com/com.stitchfix.blog/wp-content/uploads/2018/12/13131149/W_BLG_WhatYourZodiacSaysYouShouldTryThisYear_SQ-296x296.jpg',1,1),(37,'당신의 개인 스타일리스트에게 영감을 공유하는 방법','[\"세련된 비밀의 원하십니까? 당신과 당신의 옷장 더 잘 알게되기에 관해서 대표자 : 당신의 스타일리스트의 비밀 무기입니다. 우리의 스타일리스트는 시각적 영감과 현재 #stylecrushes 그녀의 스타일 당신의 수정을 정독하는, 그래서 당신의 세련된 이점에 클립을 사용하는 방법을 볼 수 읽기 계속 사랑 해요.\",\"이미 클립 보드가 있습니까?\n\n우리의 스타일리스트는 체크 아웃 흥분! 다음은 보드를 최대한 활용할 수 있도록 보너스 팁은 다음과 같습니다 :\n자주 업데이트합니다. 그것은 새로운 시즌이든, 당신은 새로운 스타일의 호감 또는 시도하여 클립 보드를 가지 치기하고 최신 상태를 유지하기 위해 반드시하고 싶은 몇 가지 새로운 경향을 가지고있다.\n당신의 핀을 캡션입니다. 당신의 핀에 자막을두면 당신의 스타일리스트 메모를 참고-떠나 당신이 고정 된 항목이나 이미지에 대해 좋아하는 그녀에게 당신의 수정에 여분의 공간을 얻는 것과 같다.\n업데이트 된 링크를 유지합니다. 공유 할 새로운 보드가 있습니까? 당신이 당신의 스타일리스트와 공유하려는 새 보드로 스타일 프로필에 링크를 업데이트해야합니다!\",\"의 핀해야합니까\n이 패션에 올 때, 거기에 바로 또는 전혀 잘못된 - 당신이 좋아하는 것을 그냥. 같은 당신이 당신의 스타일의 영감을 수집하고 스타일리스트와 함께 기꺼이 공유 지점이어야한다, 당신의 클립 보드에 간다.\n\n\",\"https://s3.amazonaws.com/com.stitchfix.blog/wp-content/uploads/2014/04/22090152/pinterest.png\",\"\"]','2019-09-03 12:26:01.000000','2019-09-03 12:26:01.000000','https://s3.amazonaws.com/com.stitchfix.blog/wp-content/uploads/2014/04/23144254/17-10-19_Set_4_W_SOF_v1_0656_SQ-296x296.jpg',2,3),(38,'겨울방학 끝, 다시 돌아온 스쿨 스타일','[\"에서의 파티, 야외 활동 및 아늑한 일의 모든 겨울 방학이 가까이오고, 슬프게도이다. 아이들은 아마 그들이 휴가 선물로 겨울의 마지막 날을 위해 필요한 일부를받은 반면, 이제 겨울 옷장에있는 모든 차이를 보충하고 봄까지 그들을 통해 얻을 수있는 학교와 주말을위한 충분한 장비를 가지고 있는지 확인하는 좋은 시간이다.\",\"FUN 색상 신축성 PIECES\n아이들은 편안하게 옷을 사랑하고, 우리는 짧은 겨울 일에 생명을 가져다 밝은 색상을 추가 사랑 해요. 자세히 여분의 비트와 함께 레깅스로 시작하는 사랑스러운 프린트의 니트 드레스를 추가하고, (주름 상처 결코!) 그녀는 충분히 티셔츠에 방류되고 있는지 확인하고 운동화는 남은 시즌을 마지막으로.\",\"게임에\n당신은 스포츠와 후 학교, 뒤죽박죽 놀이를 좋아하는 아이가있는 경우,이를 세스 할 때까지 분을 계산해야합니다 운동, 따뜻한 조각으로 자신의 옷장을 입력합니다. 레이어는 게임의 이름이고, 그것은 결코 따뜻한 얻을 때 함께 또는 개별적으로 착용 할 수있는 stripey 스웨터와 멋진 회색 후드가 아파요 없습니다. 주머니 많은, 스포티 한 티 쉬운 몇 가지, 오프 쉽게 운동화와화물의 쌍이 멋진 캐주얼 모양을 완성.\",\"https://s3.amazonaws.com/com.stitchfix.blog/wp-content/uploads/2018/12/10164841/Back_to_School_In_Style_In_Blog_asset11.jpg\",\"https://s3.amazonaws.com/com.stitchfix.blog/wp-content/uploads/2018/12/10164832/Back_to_School_In_Style_In_Blog_asset21.jpg\"]','2019-09-03 12:26:01.000000','2019-09-03 12:26:01.000000','https://s3.amazonaws.com/com.stitchfix.blog/wp-content/uploads/2018/12/10164801/Back_to_School_In_Style_SQ_tile1-296x296.jpg',1,2),(39,'멜리사 키에퍼, 기술 설계 관리자와 생활에있는 일','[\"스티치는 어떻게 해결합니까, 서커스 뒤 솔레 이유와 세서미 스트리트의 모든 공통점은? 멜리사 K.! 모든 것을 플러스를 전문으로 우리의 기술 설계 관리자를 만나보십시오. 어떻게 그녀가 보장 당신이 이제까지 최고의 날을 수 있도록 옷을 완벽하게 맞는 (그냥 커피 아닙니다) 아침에 그녀를 얻을 알아 보려면 아래 내용을 읽어보세요.\",\"그녀의 경력 ON\n\n그것은 그녀가 가야 사람들입니다.\n당신은 당신이 기술 설계 관리자로 무엇을 우리에게 말해 줄 수?\n기술 디자이너 의류의 엔지니어와 우리의 삶에 우리의 디자이너 \'의 비전을 가지고 맞게! 우리는 우리의 공급 업체를 안내하는 데 도움과 바느질과 의류를 구성하는 방법에 대한 방향을 제시하는 모양, 크기, 패턴 및 사용의 측정에 대해 이야기. 우리의 데이터에 대한 우리의 구매 팀의 스티치 Fix-에서 팀의 많은 기술적 인 디자인 팀 파트너 분석 - 우리는 의류는 디자이너의 꿈을 모든 세부 사항을 유지할 수 있는지 확인하십시오. 그것은 우리의 고객을 위해 만들어졌다 전에 오면 우리는 각각의 모든 샘플을 터치!\n\",\"매력적인 여성을위한 FIT 접근 ON\n\n그것은 단지 숫자 아니다.\n더 당신이 우리의 curvier 고객에 맞는 접근 방법에 대한 정보를 알려!\n많은 사람들이 그냥 옷을 가지고 거기에 번호를 추가 생각합니다. 그러나, 당신은 할 수 없습니다. 당신은 정말 그녀의 그림의 모양을보고해야합니다. 플러스 사이즈 여성은 일반적으로 가슴에 조금 더 모양, 풀러 이두근, 그녀의 앞에 짧은 진동이 몸을-은 모든 단지 의복에 폭과 길이를 추가하지 그녀의 곡선의 솔기를 형성에 관하여이다. 우리가 그녀에게 그런 확신을 제공하기 위해 변경해야 할 일이있다, 이것은 현재의 추세를 만족 않습니다, 무슨 일이 그녀의 모양에 가장 적합한 비율입니다 : 나를 위해, 클라이언트는 마음의 상단 의류를 검토 항상? 모든 세부 사항과 솔기가 그녀를 위해 완벽한 것을 보장하는 것은 우리가 노력하는 것입니다.\n\",\"https://s3.amazonaws.com/com.stitchfix.blog/wp-content/uploads/2017/09/29151336/9_11_W_FAL17_BLG_Human-Moment-Plus-Fit-Tech_0526_LS.jpg\",\"https://s3.amazonaws.com/com.stitchfix.blog/wp-content/uploads/2017/09/29151531/9_11_W_FAL17_BLG_Human-Moment-Plus-Fit-Tech_0230-1_LS.jpg\"]','2019-09-03 12:26:01.000000','2019-09-03 12:26:01.000000','https://s3.amazonaws.com/com.stitchfix.blog/wp-content/uploads/2017/09/29145828/9_11_W_FAL17_BLG_Human-Moment-Plus-Fit-Tech_0197-1_SQ-296x296.jpg',2,4),(40,'이번 휴가철 챙겨입을 만한 심플한 아웃핏','[\"오른쪽 액세서리 기능에서 신선하고 재미에 기초 옷장 조각을 변환 할 수 있습니다. 핸드백과 신발 액세서리 모습에 가져다 끝없는 스타일 조합의 단지 작은 엿볼을 제공합니다. 시간은 항상 약간의 추가 스파클과 광택에 적합한 때문에 의롭게 당신의 액세서리를 바위하는 방법을 알아 보려면 계속 읽어.\",\"목걸이\n아무것도 꽂은, 반짝 목 조각처럼 숭배 펌핑 우리의 마음을 얻을 수 없다. 목걸이에 대한 것은 그들이 대화 조각이 될 특히 두툼한 될 필요가 없습니다 것입니다. 우리는 라 오드리 햅번의, 아침 식사 티파니의 다중 문자열 진주 - 심지어 daintiest, 섬세한 체인이 가장 절제된 역할을 할 수에서,하지만 함께 전체 모양을 끌어 화려한 조각 대담한 장식을 사랑하지만. 어깨 LBD는 달콤한 속옷이나 칼라 목걸이를 충족 떨어져 생각하십시오.\n\n벨트\n벨트 ... 그들은 단지 당신의 바지와 청바지 아니에요. 온도 조절이 급강하을 시작할 때 우리는 완벽한 바지에 두툼한 니트와 스웨터 재킷의 아늑한 두꺼운 층을 주셔서 감사합니다. 예상치 못한 스타일의 대시를 추가하는 빠르고 쉬운 방법은 실루엣을 강조하고 겨울 세련된 모양을 확정 할 수있는 스키니 벨트를 (우리가 표범 인쇄 또는 메탈릭처럼) 확보하는 것입니다.\",\"핸드백과 지갑\n클러치로 배가 크로스 바디 핸드백 종류의 부흥을 경험하고있다. 그리고, 물론, 우리는 여기에 미니멀위한 세련된 가방 청바지와 이동-에 아파트와 결합 할 때 제공하는 것을 본다.\",\"https://s3.amazonaws.com/com.stitchfix.blog/wp-content/uploads/2018/12/03131846/W_BLG_QuickestDressUpAccessories-B11.jpg\",\"https://s3.amazonaws.com/com.stitchfix.blog/wp-content/uploads/2018/12/03131854/W_BLG_QuickestDressUpAccessories-B21.jpg\"]','2019-09-03 12:26:01.000000','2019-09-03 12:26:01.000000','https://s3.amazonaws.com/com.stitchfix.blog/wp-content/uploads/2018/12/03131924/W_BLG_QuickestDressUpAccessories-SQ1-296x296.jpg',1,3),(41,'일상생활 늘상 있는 일 : 재키 Guilbault, 남성 스타일링 매니저','[\"만나 재키 Guilbault, 우리의 남성 스타일링 팀의 매니저 #stitchfixlife 지속적인 여행자의 연인. 우리는 잡았 (또는하려) 우리의 남성 스타일링 팀에 진상을 얻기 위해 그녀와 함께. 스티치 수정의 첫 Stylists-의 하나로서 그녀는 모든 아직 본 것 박자를 놓치지 않고 모든 것을 끝낼 유머, 은혜와 초자연적 인 능력의 그녀의 감각 와우 우리에게 계속됩니다.\",\"\"안녕하세요! 나는 도로에있을 때 이것은 일반적인 하루 커피 (물론) 한잔과 함께 시작하는 모습입니다.\n\n오전 6시 반 : 지금 내가 오스틴, 남성의 스타일링 맞춤 워크숍 TX에, 그래서 내 호텔에서 커피를 잡고 뉴스 - 모두 현재의 사건과 대중 문화를 읽어!\n\n오전 8 : 우리의 스타일링과 빠른 통화 이동 지도자 - 우리는 우리가 할 수있는 최선의 방법으로 우리의 스타일리스트를 지원하고 처음으로 우리가하는 모든 일에 우리의 고객을 가하고 있는지 확인하는 것이 연결합니다. 이 통화의 내가 가장 좋아하는 유형입니다.\n\n오전 9시 : 우리의 남성 맞춤 워크숍 설정 체크 아웃 우리의 이벤트 공간을 확인하십시오. 나는 사람들에게 완벽하게 맞지를 보내는 방법을 우리 남자 팀 등에 존재하는 스타일 특정 훈련을 돕기 위해 여러 스타일링 지역으로 이동한다.\",\"오전 11시 : 문 개방하고 새로운 상품을 체크 아웃으로 나는 우리의 스타일링 팀과 어울 해요. 나는 경향이 우리 팀 앞에 삶에 와서 보는 사랑 해요.\n\n오후 12시 : 나는 무대를 공격하고 우리의 남성에 맞는 권리를 얻기위한 전략을 통해 팀을 걸어 시간을 보낸다. 우리는 몸 모양, 크기, 도전과 방법 그를 위해 최고의 제품을 찾는 방법에 대해 이야기.\n\n오후 3시 : 내 팀 회의가 시작됩니다! 우리는 우리의 고객에 영향을 미칠 새로운 스타일링 알고리즘을 미리 작동 방식 중요한 비즈니스 업데이트를 검토합니다. 스타일링은 예술과 과학의 이러한 혼합이며 우리는 우리 팀이 더 쉽게 우리의 남자 청바지를 찾는 우리의 도구를 활용하는 방법을 걷는다.\n\",\"https://s3.amazonaws.com/com.stitchfix.blog/wp-content/uploads/2017/09/05172610/W_BLG_Fall17_Day-in-the-Life-Jackie-Guilbault_2.jpg\",\"https://s3.amazonaws.com/com.stitchfix.blog/wp-content/uploads/2017/09/05172523/W_BLG_Fall17_Day-in-the-Life-Jackie-Guilbault_3.jpg\"]','2019-09-03 12:26:01.000000','2019-09-03 12:26:01.000000','https://s3.amazonaws.com/com.stitchfix.blog/wp-content/uploads/2017/09/05172919/08_11_W_FAL17_BLG_Day-in-the-Life-Jackie-Guilbault_v1_1171-296x296.jpg',2,1),(42,'지금 시도해도 좋을 만한 10가지 봄 패션','[\"갱신의 계절은 우리의 옷장을 새로 우리의 무거운 겨울 층 - 패션 걱정을 남길 수있는 시간을 의미 공기의 연체 변화, 같은에서 휩쓸고있다. 당신의 옷장에있는 리셋 버튼을 누르면하는 가장 좋은 방법은? 새로운 걸 시도 해봐! 우리는 기교와 당신의 옷장 봄 페스티벌을 킥 - 시작하고 스타일을 늘릴 수 있도록 체크리스트를 컴파일.\",\"1. MIX 인쇄\n그것을 섞다! Florals와 줄무늬 시작하기 위해 노력 방법입니다. 이미 인쇄 혼합 프로? 변덕 꽃과 인쇄 등의 표범과 같은 예상치 못한 인쇄를 해보십시오.\",\"2. 새 인쇄를 시도 감히\n새 프린트의 아이디어를 유혹왔다면, 이제 이동을 할 수있는 순간이다. 줄무늬, 도트, florals와 깅엄 체크가 그 어느 때보 다 다시 생기오고, 동물 인쇄는 여전히 건재하고 있습니다 : 여기에 내부 특종입니다. 먼저 물을 테스트하고 싶으십니까? 인쇄 된 가방을 선택!\",\"https://s3.amazonaws.com/com.stitchfix.blog/wp-content/uploads/2018/02/20181959/W_BLG_10SpringDo-v24.jpg\",\"https://s3.amazonaws.com/com.stitchfix.blog/wp-content/uploads/2018/02/20182008/W_BLG_10SpringDo-v25.jpg\"]','2019-09-03 12:26:01.000000','2019-09-03 12:26:01.000000','https://s3.amazonaws.com/com.stitchfix.blog/wp-content/uploads/2018/02/20181951/W_BLG_10SpringDo-v2-SQ-296x296.jpg',1,4),(43,'루미 + 라이더 : wecodi 키즈 독점 소개','[\"어린이를 수정 스티치하면 어린 아이들이 옷을 입고 (큰 찾고!) 준비가 하루 이제까지 믹스 앤 매치의 우리의 라인 아이를 위해 분리보다 쉽게 ​​제공 무엇이든지지고 있음을보고 행복하다. 우리 루미 + 라이더 브랜드의 인쇄 및 그래픽 수정 및 레깅스, 드레스와 탑이 함께 착용 할 수있는 스티치에 단독으로 또는 시즌 분리로 시즌. 우리는 상호 교환 옷장-과 편의성, 편리 성, 가치와 스타일 팝은 루미 + 라이더 조각 재미를 추가 할 수있는 좋은 방법입니다 찾을 생각, 모두 합해서 하나로!\",\"NO BLUE 월요일 없다\n\n학교는이 그래픽 까마귀처럼 멋진 물건을 입어야 할 때 기대하는 무언가이다. 풀에 반바지와 모양과 간다 -로 - 아무것도 운동화 한 켤레를 완료, 그들은 확실히 스타일로는 A를 받게됩니다.\n\n\",\"인쇄 매수 CHARMING\n\n혼합 줄무늬와 florals는 모두 인쇄가 동일한 컬러 팔레트 - 내 남아 있는지 확인하는 것입니다 루미 + 라이더는 달성이 매우 쉽게 때 패턴 믹싱 루미 + 라이더의 쉬운 좌표 조각 - 하나의 트릭 아이의 놀이입니다. 우리는 학교와 주말이 일을 사랑 해요.\n\n\",\"https://s3.amazonaws.com/com.stitchfix.blog/wp-content/uploads/2019/01/11080830/Rumi_and_Ryder_Highlight_In_blog_asset4.jpg\",\"https://s3.amazonaws.com/com.stitchfix.blog/wp-content/uploads/2019/01/11080758/Rumi_and_Ryder_Highlight_In_blog_asset1.jpg\"]','2019-09-03 12:26:01.000000','2019-09-03 12:26:01.000000','https://s3.amazonaws.com/com.stitchfix.blog/wp-content/uploads/2019/01/11080839/Rumi_and_Ryder_Highlight_SQ_tile-296x296.jpg',2,2),(44,'3월 판 : 31일 의상','[\"스타일에 온도 변동의 기복을 생존. 밝은 색상, 대담한 패턴과 밝은 층으로 다이빙은 당신의 옷장에 걸 맞는 봄의 각성을 제공합니다. 우리의 마음에 드는 맞아 봄에 당신의 옷장을 행진 것 같습니다 볼 수 읽기 계속!\",\"보엠 흐름으로 GET\n더 이상 축제 필드에 이관, 보헤미안 세련된 외모와 영원한 햇살 같은 느낌의 스타일이 아니다. 매일 착용을 위해, 자유 분방하고 편안한 느낌 쉬운 스타일 솔루션을 편안하고 헐렁한 실루엣의 따뜻하고 풍부한 색상을 선택합니다. 밝은 문 귀걸이 복잡한 장인 놓은 정보와 flowy 튜닉과의 보헤미안 세련된 모양의 매혹적 요소를 펀치.\",\"당신의 SPRING의 데님을 씻으\n초경량 세척에서 약간 플레어, 작물 킥 진 또는 남자 친구 청바지처럼, 새로운 실루엣, 색상과 스타일로 봄 데님 선택을 씻으. 화이트 데님, 밝은 핸드백과 륜 자전거 과시 금속 플랫 샌들 꽃 랩 상단을 결합합니다.\",\"https://s3.amazonaws.com/com.stitchfix.blog/wp-content/uploads/2019/02/26134507/W_BLG_March_MonthOfOutfits3.jpg\",\"https://s3.amazonaws.com/com.stitchfix.blog/wp-content/uploads/2019/02/26134720/W_BLG_March_MonthOfOutfits14.jpg\"]','2019-09-03 12:26:01.000000','2019-09-03 12:26:01.000000','https://s3.amazonaws.com/com.stitchfix.blog/wp-content/uploads/2019/02/26134432/W_BLG_March_MonthOfOutfits_SQ-296x296.jpg',1,1),(45,'당신의 최선의 wecodi 스타일링을 얻는 새로운 방법','[\"당신이 당신의 스타일리스트에게 물어 무엇을 모르는 수정 순간을가 있습니까? 새로운 무언가를 원하는,하지만 확실히 그것에 당신의 손가락을 넣어 수없는 이유는 무엇입니까? 당신이 특별한 이벤트에 대한 머리부터 발끝까지 의상을하든, 청바지 가득 수정 또는 모든 경향은 출하 - 당신의 스타일리스트가 준비되었습니다! 당신을 위해 바로의 수정이 얻을 수 있도록 스타일리스트로 보내이 노트에서 영감을 얻는다.\",\"당신은 계절 REFRESH를 필요로 할 때 새로운 시즌이 시도하는 새로운 트렌드가 의미! 당신의 옷장은 약간의 업데이트가 필요한 경우에 대한 완벽한 수정과 신선하고 세련된 당신의 옷장을 유지합니다. 임시 직원을 변경하면 평소 옷장 스테이플을 질문하고? 복사 & 당신의 스타일리스트는이 변화를위한 시간 알려주는 메모를 붙여 넣습니다. \",\"당신의 실내복은 후원을 필요로 할 때 우리는 우리가 athleisure가 트렌드 편안한 옷이 어디를 착용 할 수있는 시대에 살고 얼마나 행운 믿을 수 없다? 예, 부탁합니다. 여전히 오 - 그래서 - 부드럽고 세련된 조각으로 당신의 실내복 단계에서 약간의 격려를 유지합니다. 당신의 스타일리스트 힌트를 떠날 필요하십니까? 복사 & 당신의 노트에이 athleisure웨어 요구 사항 중 하나 붙여 넣습니다. 당신이 레깅스 업데이 트를 \"필요하면 나도 같은 검은 색 레깅스를 항상 착용하고 나는 새로운 것을 원한다. 나는 질감, 배관 또는 메쉬와 같은 몇 가지 흥미로운 세부 쌍을 사용해 볼 수 있습니까? 당신이 체육관에서 착용 뭔가 (또는 어디를 ...) 원하는 경우 \"나는에 나의 운동에서 착용하는 소프트 뭔가 캐주얼 필요합니다. 나는 모든 athleisure 수정을받을 수 있습니까? \" 평소 풀오버가 더 나은 일을 본 경우 \"나는 집의 주위에 착용 할 수있는 새로운 풀오버 스웨터를해야하고, 내가 외출있을 때. 당신은 내게 귀엽고 기능 무언가를 보낼 수 있습니까? \" \",\"https://s3.amazonaws.com/com.stitchfix.blog/wp-content/uploads/2017/07/29162013/W_BLG_Nov.-Wk-1_New-Fix-Your-Way-72dpi7.jpg\",\"https://s3.amazonaws.com/com.stitchfix.blog/wp-content/uploads/2017/07/29161955/W_BLG_Nov.-Wk-1_New-Fix-Your-Way-72dpi5.jpg\"]','2019-09-03 12:26:01.000000','2019-09-03 12:26:01.000000','https://s3.amazonaws.com/com.stitchfix.blog/wp-content/uploads/2017/07/29161923/W_BLG_Nov.-Wk-1_New-Fix-Your-Way-72dpi-296x296.jpg	',2,3),(46,'어느때든 입기 좋은 봄 의상','[\"날씨가 따뜻해지면, 그것은 시간이 드레스 게임 최대입니다. 한 조각, 너무 쉽게 너무 다재 다능 한, 그래서 ... 꽤 적이있다. 우리는 드레스 (단지에 팝업 및 이동), 다용도 (부담없이 스타일링하기 쉬운 이상의 옷)를 동시에 간단한 것을 사랑하고 당신이 너무 좋아 기분. 봄이 도착하면, 봄 드레스 우리의 갓 수확 살펴보고, 그리고 여러 가지 방법이 그들을 착용 할 수 있습니다.\",\"계절별 소나기\n친구가 세계로 아기를 환영 할 때 표시와 스타일로 그녀를 축하 할 것입니다. 플러터 슬리브 슈퍼 여성 드레스 특히이 로빈의 달걀 블루와 같은 계절 색상, 그냥 권리입니다. 이 다재다능한 큰 보이는 조각은 다른 방법을 많이 스타일,하지만 우리는이 단색 (하지만 세련된!) 빨간색 샌들과 다른 봄의 많은 훌륭한 모양 크림 가방뿐만 아니라 모양과 컬러 블로킹에 걸릴 사랑 해요.\",\"작동하게 만들다\n봄 패션 발열 당신이 민소매 드레스를 갈망하지만, 온도가 아직은 잡았하지 않은 경우, 당신 어쨌든 탐닉하고 아래에 긴 소매 블라우스를 착용한다. 이 모습은 민소매 좀 더 전문 드레스 만들기, 특히 작업 친화적이다. 작은 규모의 인쇄가 정말 재미라는 것으로 드레스에 음영 중 하나를 스타일-선택하고 여기에 가방을 일치와의 추가 미묘 뱀 무늬 신발을-매우 세련된 오전 9시 회의에 대한 준비.\",\"https://s3.amazonaws.com/com.stitchfix.blog/wp-content/uploads/2019/02/26123413/T4_W19_0135_BLG_Spring-Dresses-Every-Occasion1.jpg\",\"https://s3.amazonaws.com/com.stitchfix.blog/wp-content/uploads/2019/02/26123528/T4_W19_0135_BLG_Spring-Dresses-Every-Occasion6.jpg\"]','2019-09-03 12:26:01.000000','2019-09-03 12:26:01.000000','https://s3.amazonaws.com/com.stitchfix.blog/wp-content/uploads/2019/02/26123404/T4_W19_0135_BLG_Spring-Dresses-Every-Occasion_SQ-296x296.jpg',1,2),(47,'우리의 스타일리스트가  즐겨 찾는 wecodi 데님 브랜드 ','[\"하나는 너무 많은 쌍을 소유 할 수 없다 청바지 - 적어도 그것은 우리가 생각하는 것입니다! 어두운 사무실 준비 블루스에 편안한 빛 세척에서 데님, 실제 다재다능하고 투자 가치가있다. 현재 우리가 사랑하고있는 데님 브랜드를 참조하고 다음 수정에 한 쌍을 위해 스타일리스트를 요청하는 것을 잊지 마세요!\",\"J 브랜드\n당신이 레드 카펫 또는 활주로에 그들을 볼 수 있지만, J 브랜드 청바지는 모두-좋은 이유 유명 인사 및 모델의 오랜 좋아합니다. 청바지 실루엣 향상 기능의 과다와 함께 연신 다만 적당한 양을 제공한다. 심지어 백 포켓하지 않고, 절단, 리프트와는 완벽하게 당신의 둔부를 형성한다.\n\n\",\"MADEWELL\n모든 권리 장소에서 신축성, Madewell는 ISKO 개혁 ™ 기술 (청바지 편안에 - 당신을 잡아 업없이 자신의 모양을 잃는 것입니다 말하는 멋진 방법)을 사용합니다. 손으로 마무리는 많은 문화 유산 데님처럼, 그들에게 부드러운 느낌 본격적인 착용 된 모습을 제공합니다. 우리는 또한 전체 슬리밍 효과를 사랑 해요.\",\"https://s3.amazonaws.com/com.stitchfix.blog/wp-content/uploads/2018/05/05173210/W_BLG_DenimBrandsToLove_AH.jpg\",\"https://s3.amazonaws.com/com.stitchfix.blog/wp-content/uploads/2018/05/05173311/W_BLG_DenimBrandsToLoveJBRAND.jpg\"]','2019-09-03 12:26:01.000000','2019-09-03 12:26:01.000000','https://s3.amazonaws.com/com.stitchfix.blog/wp-content/uploads/2018/05/05173244/W_BLG_DenimBrandsToLove_SQ-296x296.jpg',2,4),(48,'봄이 오기전 구비해두어야 할 6가지 라이트 자켓','[\"그것은 추운 바깥 수도 있지만 이러한 빛과 아름다운 층은 겨울 옷장을 단장하고 따뜻하게 유지하는 완벽한 주식의 조각입니다. 얼음이 녹기 시작할 때까지 지금부터 멀티 레이어 스타일을하는 방법을 탐구하는 스크롤하십시오.\",\"1. LONG CARDIGAN\n긴 카디건이 공중에 진정, 또는 당신이 원하는 경우에 아늑한의 추가 층 우리는 당신이 착용하는 갈망 거 알아 미리 봄 드레스 페어링 여부를 사무실 바이블이다. 이 레이어드의 긴, 린 선은 쉽게, 편안한 스타일의 모양을하고 좀 더 세련된 느낌을하는 데 도움이됩니다. 그래서 가서 모든 싸서 얻을.\",\"2. 이동 중에도 CARGO 재킷\n당신이 당신의 비옷을 부여 할 또는 휴식 데님 때, 유틸리티 세련된화물 재킷 갈 방법입니다. 이 전천후 스테이플 모습 빛과 쉬운 유지. , 정의 된 실루엣의 벨트로 허리를 식은 죽 먹기 추가 따뜻한 부츠와 남자 친구 청바지와 담요 스카프와 결합, 또는 소매 수갑과 편안한 athleisure-LY 주말 모양을 위해 조깅을 추가합니다.\",\"https://s3.amazonaws.com/com.stitchfix.blog/wp-content/uploads/2019/01/31160855/T4_W19_0057_BLG_Key-Layering-Pieces-B1.jpg\",\"https://s3.amazonaws.com/com.stitchfix.blog/wp-content/uploads/2019/01/31160904/T4_W19_0057_BLG_Key-Layering-Pieces-B2.jpg\"]','2019-09-03 12:26:01.000000','2019-09-03 12:26:01.000000','https://s3.amazonaws.com/com.stitchfix.blog/wp-content/uploads/2019/01/31161000/T4_W19_0057_BLG_Key-Layering-Pieces-SQ-296x296.jpg',1,3),(49,'스타일은 우리가족에게도 적용됩니다. wecodi 어린이를 소개합니다.','[\"(작은 사람들을위한!) 작은 것들이 수정에 와서 않습니다. 이제 온 가족을위한 수정. 우리는 수정을 스티치 할 수있는 최신 제품 (들)을 환영 매우 기쁘게 생각합니다. 소개, 아이들을 수정 스티치! 이 같은 좋은 경험-전달 문 - 사용자 정의 우리의 삶에 특별한 작은 사람들에 있습니다.\n\n\",\"스티치 FIX의 KIDS 무엇을 기대하는\n우리는 크기 2T-14 키즈 의류의 새롭고 흥미로운 범위를 제공합니다. 아무리 자신의 성격, 우리는 그들이 사랑하는 것입니다 뭔가있어.\",\"그래서, 새롭고 다른 무엇인가? 글쎄,별로. 그러나 일부 (작은) 변경 수정 키즈 스티치 기대할 수 있습니다. 우리는 당신의-여기에 아이가 어떻게 작동하는지의 스타일 너무 흥분!\n\n자녀를 가입하고 자신의 스타일 프로필에 자신의 환경 설정에 대해 알려주십시오.\n\n당신은 우리의 개인 스타일리스트에 의해 그들을 위해 골라 8-12 항목을 받게됩니다.\n\n그들이 재미 박스가 내부 놀라움이를 열어 보자!\n\n그들이 사랑 백 만 나머지를 보낼 평소처럼 무엇을 계속!\n\",\"https://s3.amazonaws.com/com.stitchfix.blog/wp-content/uploads/2018/07/12110635/stitch-fix-kids.jpg\",\"https://s3.amazonaws.com/com.stitchfix.blog/wp-content/uploads/2018/06/27160409/BLG_In_Blog.jpg\"]','2019-09-03 12:26:01.000000','2019-09-03 12:26:01.000000','https://s3.amazonaws.com/com.stitchfix.blog/wp-content/uploads/2018/06/29110531/BLG_SQ-11-296x296.jpg',2,1),(50,'발렌타인 데이, 외출 또는 집에서 입을 만한 의상','[\"이은 - 발렌타인 데이에 대한 의심의 여지가 다가오고있다! 심지어 당신이 만들어 낸 휴가 또는 모든 것을 사랑에 대한 리얼 축하 생각하면, 어떤 계획을! 당신이있어 아늑한 얻거나 마을을 공격하기로 결정하든, 당신의 스타일리스트는 완벽한 모습을 가진다. 날짜 밤 읽기에 대한 영감-여부를에 머물고 또는 축소 될 것입니다.\n당신이 외출하는 경우\n그것은 좀 더 노력을 걸릴 수 있습니다,하지만 날짜의 밤을 계획하는 것은 매우 보람이있을 수 있습니다. 아무리 당신이하기로 결정 무엇을, 무언가에 꽤-아마도 뭔가 좀 더 평소 모습보다 옷을 넣어 핑계로 사용하지 않습니다. 그리고, 당신은 좀 더 로맨틱 한 손에의보고를 할 수 있습니다 그래서 발렌타인 데이가 다가오고, 잊지 마세요.\",\"행복한 시간\n좋아하는 칵테일 라운지에서 친구 (또는 특별한 사람)을 충족? A A 밝은 벚꽃 빨간색 꼬리 치는 위, 분홍색 발 뒤꿈치와 홍당무의 예쁜 그늘에서 클러치와 데님 드레스. 우리는이 같은 상단 용도 변경과 펜슬 스커트 또는 당신의 마음에 드는 작업 바지와 함께 착용 할 수있는 사랑.\",\"커튼 콜\n극장이나 콘서트에 참석? 당신이 인쇄 된 드레스를 페어링 할 때 확인 모든 것이 완벽한 조화에있는 고체 모토 블랙 여기 또는 표시 당신의 얼굴을 점등 색상 팔레트로 흰색. (또한 훌륭한 브런치 날짜에 청바지와 짝을 보이는 것) 팝업 Y 색상 뾰족한 터진 옷을 입고 업 touch 용 펌프 및 클러치와 모양을 완료합니다.\",\"https://s3.amazonaws.com/com.stitchfix.blog/wp-content/uploads/2018/12/31155046/W_BLG_GoingOutOrStayingIn_DateNightEdition4.jpg\",\"https://s3.amazonaws.com/com.stitchfix.blog/wp-content/uploads/2018/12/31155039/W_BLG_GoingOutOrStayingIn_DateNightEdition3.jpg\"]','2019-09-03 12:26:01.000000','2019-09-03 12:26:01.000000','https://s3.amazonaws.com/com.stitchfix.blog/wp-content/uploads/2018/12/31155009/W_BLG_GoingOutOrStayingIn_DateNightEdition_SQ-296x296.jpg',1,4),(51,'당신의 아이의 스타일에 대해 의견을 남겨주세요!','[\"그것은 바로 .... 방법, 또는 자신의 무릎에 앉아에 따라서 자녀의 수정은있을 수 있습니다. 지금. 당신이 그들의 수정을 열기 전에, 우리는 우리가 그들의 수정에 대한 의견을 남길하는 방법에 대한 유용한 정보를 공유하고자합니다 (! 빠르고, 가위를 내려 놓고) 당신이 그것을 (해야하는 이유 힌트 : 그것은 당신의 아이의 수정 시간이 지남에 더 얻을 수 있습니다 !).\",\"자녀의 수정에 대한 의견을 떠나기에 우리의 도움말을 참조하십시오!\n\n우리가 어떻게 당신의 KID \'S FIX에 대한 피드백을 사용하여\n\n이 피드백에 관해서는 여기 스티치 수정에서, 우리는 모든 귀를입니다. 자녀의 수정이 스타일의 경우, 자신의 스타일리스트는 조심스럽게 자신의 스타일 프로필, (또는) 그들에게 노트와 마지막 수정 의견을 읽습니다. 당신이 그들을 떠나 모든 작은 메모가 자녀의 개인적인 스타일, 라이프 스타일과 환경 설정을 알게하도록하는 데 도움이됩니다. 물론, 당신도 자신이 좋아하는 음식이 무엇인지를 말할 수 있습니다!\n\",\"자녀의 STYLE 프로필 노트에 무엇을 포함하도록\n\n당신의 아이의 일상\n그들의 이동-할 채비를 차려\n어떻게 자신의 옷장 지금 필요\n당신은 당신의 아이를 위해 쇼핑을 좋아하는 경우\n\",\"https://s3.amazonaws.com/com.stitchfix.blog/wp-content/uploads/2018/06/06113450/K_BLG_How-to-Leave-Fix-Feedback_AH.jpg\",\"https://s3.amazonaws.com/com.stitchfix.blog/wp-content/uploads/2018/06/13114649/Kids-style-profile.png\"]','2019-09-03 12:26:01.000000','2019-09-03 12:26:01.000000','https://s3.amazonaws.com/com.stitchfix.blog/wp-content/uploads/2018/06/06113548/K_BLG_How-to-Leave-Fix-Feedback_SQ-296x296.jpg',2,2),(52,'2월 판 : 28일 의상','[\"당신의 단계 (그리고 당신의 마음에 따뜻한 임시 직원)의 스프링 얼굴 겨울. 우리는 당신이 일년 내내 새로운 시작과 신선한 외모의 모멘텀을 유지하는 데 도움 스타일로 덮여있다. 믹스와 상관없이에게 전환 시즌 조각을 날씨와 일치하는 방법에 대한 영감을 얻기 위해 읽는 유지.\",\"중립 영역에\n이 레이어와 단색 모양을 만들에 올 때 중립국에게 당신의 가장 친한 친구를함으로써 겨울 세련된하면서도 아늑한 보관하십시오. 라이터, 긴팔 중성 니트 위에 아늑한 퀼트 조끼 또는 카디건 추가하여 온기의 제 2 층을 만든다. 같은 색상의 다양 한 음영하는 선택 조각 색상은 오트밀은 빛과 꿈 겨울 믹스에 대한 크림을 충족 팔레트-생각 간소화합니다.\",\"당신은 좋은 청바지를 가지고\n아무것도 어두운 세척 (발목 또는 스키니) 스타일의 사기를 향상하고 세계를 정복 할 수처럼 당신이 느낄 수 있도록 세련된 클래식 펌프 또는 날씬한 옷과 짝 청바지의 세련된 한 쌍과 같은 최소한의 현대 말한다. 꼬리 치는 블라우스, 헤어 롤빵, 밝은 lippie (당신이 대담하는 경우)를 추가하면 스타일 세계 지배를위한 준비가 될 것입니다. 아무것도 당신을 막을 수 있습니다!\",\"https://s3.amazonaws.com/com.stitchfix.blog/wp-content/uploads/2019/01/24115247/W_BLG_FebruaryMonthOfOutfits29.jpg\",\"https://s3.amazonaws.com/com.stitchfix.blog/wp-content/uploads/2019/01/24115530/W_BLG_FebruaryMonthOfOutfits121.jpg\"]','2019-09-03 12:26:01.000000','2019-09-03 12:26:01.000000','https://s3.amazonaws.com/com.stitchfix.blog/wp-content/uploads/2019/01/24115216/W_BLG_FebruaryMonthOfOutfits_SQ_v31-296x296.jpg',1,1),(53,'당신의 아이에게 훌륭한 스타일을 적용하는 방법! ','[\"그것은 당신의 삶에서 작은 것들 여기-수정이야! 우리는 스티치 수정 어린이, 가족 (의도 된 모든 말장난)의 최신 제품을 출시 할 매우 기쁘게 생각합니다. 자녀의 첫 번째 수정 일정을 준비하는 동안, 여기 (자녀)이 최선 수정, 모든 시간을 얻을 수있는 방법에 대한 편리한, skimmable 가이드입니다.\n\n\",\"당신의 가장 친한 아이의 수정을 얻는 방법을 참조하십시오!\n\n1. 당신의 아이 우리에게 SCOOP을 줘!\n그래서 우리 처음 자녀를 충족이다, 우리에게 세부 사항을 제공합니다! 당신의 아들은 자전거를 타고하는 방법을 배우고 주요 동물 애인인가? 우리에게! 당신의 딸이 올해 중학교 그녀의 첫날을 시작하고 녹색 사랑인가? 우리에게! 자녀의 현재 크기에서, 자신의 의류 환경 설정 (청바지보다 레깅스를 사랑?), 자신의 방과 후 활동이 어떻게 생겼는지, 당신은 첫 수정을 예약하기 전에 자녀의 스타일 프로필을 작성해야합니다.\n\n2. FIX 참고 특정 GET\n자녀의 수정을 예약 할 때 가장 먼저 보게되는 것이 자신의 수정주의입니다! 우리와 함께 \"주문 양식\"으로 생각하십시오! 당신은 당신이 포함하려면이 수정을하고 싶은 일에 대해 특정거야 곳 (또는 어떤 아이가 찾고있다!). 자녀가 학교에 가고 올해 새로운 필수 요소를 필요 있나요? 여기 알고 우리를하자! 당신의 아이는 착용 하는가도 우리에게 레깅스 - 말해!\n\",\"\",\"https://s3.amazonaws.com/com.stitchfix.blog/wp-content/uploads/2018/06/06111438/K_BLG_Tips-for-Your-Kids-Best-Fix_AH.jpg\",\"\"]','2019-09-03 12:26:01.000000','2019-09-03 12:26:01.000000','https://s3.amazonaws.com/com.stitchfix.blog/wp-content/uploads/2018/06/06111542/K_BLG_Tips-for-Your-Kids-Best-Fix_SQ-296x296.jpg',2,3),(54,'당신이 사랑할만한 가을 데님 트렌드','[\"하나는 너무 많은 쌍을 소유 할 수 없다 청바지 - 적어도 그것은 우리가 생각하는 것입니다! 어두운 사무실 준비 블루스에 편안한 빛 세척에서 데님, 실제 다재다능하고 투자 가치가있다. 현재 우리가 사랑하고있는 데님 브랜드를 참조하고 다음 수정에 한 쌍을 위해 스타일리스트를 요청하는 것을 잊지 마세요!\",\"J 브랜드\n당신이 레드 카펫 또는 활주로에 그들을 볼 수 있지만, J 브랜드 청바지는 모두-좋은 이유 유명 인사 및 모델의 오랜 좋아합니다. 청바지 실루엣 향상 기능의 과다와 함께 연신 다만 적당한 양을 제공한다. 심지어 백 포켓하지 않고, 절단, 리프트와는 완벽하게 당신의 둔부를 형성한다.\",\"MADEWELL\n모든 권리 장소에서 신축성, Madewell는 ISKO 개혁 ™ 기술 (청바지 편안에 - 당신을 잡아 업없이 자신의 모양을 잃는 것입니다 말하는 멋진 방법)을 사용합니다. 손으로 마무리는 많은 문화 유산 데님처럼, 그들에게 부드러운 느낌 본격적인 착용 된 모습을 제공합니다. 우리는 또한 전체 슬리밍 효과를 사랑 해요.\",\"https://s3.amazonaws.com/com.stitchfix.blog/wp-content/uploads/2018/05/05173311/W_BLG_DenimBrandsToLoveJBRAND.jpg\",\"https://s3.amazonaws.com/com.stitchfix.blog/wp-content/uploads/2018/05/05173320/W_BLG_DenimBrandsToLoveMADEWELL.jpg\"]','2019-09-03 12:26:01.000000','2019-09-03 12:26:01.000000','https://s3.amazonaws.com/com.stitchfix.blog/wp-content/uploads/2016/08/17102531/W_BLG_Fall-Denim-Refresh_sq-296x296.jpg',1,2),(55,'바쁜 엄마들을 위한 스타일링 팁','[\"서커스와 엄마 연기 지도자의 부품을 재생 상관없이 모두가 얼마나 멋진 (미친!) 워커와 사자 줄타기하지 조련사를-하고, 거의 모든 엄마가 유지에 대한 몇 가지 팁을 사용할 수 있습니다 때로는 가족 생활은 3 반지처럼 느낄 수 있습니다 함께 모든 것을, 특히 스타일 현명한. 당신이 당신의 풀 타임 일을 내려 학교 일을하고있어해서 다음 놀이터 의무는 바로, 좋아 보인다 싶어하지 않는다는 의미는 아니다?\",\"EVERYDAY의 기초에 대한 1. REACH\n당신이 하루 하루 신뢰할 수있는 스타일의 일꾼의 옷장을 구축 할 수 있습니다. 당신을 좋아 보인다, 서로 일 조각. 바지에 쉽게 풀 (또는 청바지 원하는 경우), 티셔츠 또는 seasonless 풀오버 스웨터, 그리고 당신이 사랑하는 재킷 (우리는 데님이나 좋은 재킷을 사랑).\n\n2. FIND 색상 당신이 사랑하는\n당신의 이동-함께 고전을 선택할 때, 그래서 상관없이 당겨하는 조각, 마음에 제한된 색상 팔레트를 유지하지, 모든 모양 좋은-이 당신의 스타일리스트는 당신이 도움에 큰 무언가이다. (즉, 더 일이있는 경우 또는 품질 흰색 셔츠) 선명 흰 블라우스를 추가하면 외모의 거의 끝없는 번호가\n\n3. ADD 액세서리\n귀하의 측면에서 기본의 옷장, 당신은 거의 ... 갈 준비가 된 것입니다. 세련된 몇 분 안에 문을 얻기에 세 번째 키 액세서리 - 더 좋은에서 고전 의상을 작은 것들 \"어떻게 그녀가 항상 좋아 보인다는 무엇입니까?\"신발, 스카프, 보석, 가방과 같은 옷장 추가 기능입니다 당신이 당신의 스타일, 취향을 표현하는 얻을 곳 겉옷입니다.\",\"4. 모두 함께 넣어\n당신은 당신의 색상 조정 옷장과 팹 액세서리를 가지고있다. 당신은 당신의 아침이 원활 그들이 할 수있는 이동 확인하기 위해 다른 무엇을 할 수 있습니까? 오른쪽 신발과 속옷에 이르기까지, 밤에 당신의 옷을 잡아 당깁니다. 다림질 또는 (도 밤에 그렇게) 연마의 손길을 필요로 아무것도 봐, 아침을위한 사용하기 쉬운 복에서 곳에 보관합니다. 가서 (분 더 많은 것을에)도 아이들의 옷을 잡아 당깁니다.\",\"https://blog.stitchfix.com/wp-content/uploads/masseya-image-1533920658913.jpeg\",\"https://s3.amazonaws.com/com.stitchfix.blog/wp-content/uploads/2018/08/10113336/I-Am-Style-Ish10-1.jpg\"]','2019-09-03 12:26:01.000000','2019-09-03 12:26:01.000000','https://s3.amazonaws.com/com.stitchfix.blog/wp-content/uploads/2015/05/10111630/W_BLG_GetReadyInFive_SQ1-296x296.jpg',1,3),(56,'운동복, 이렇게 스타일링 해보세요','[\"우리가 중립을 생각할 때 일반적으로, 우리는 검정, 흰색, 갈색, 짙은 회갈색, 올리브, 네이비, 회색 생각합니다. \"지루한!\"도 마음에 오는 일 수 있습니다. 그러나이 음소거 아름다움은 밝고, 대담한 패턴, 촉각 질감, 세련된 액세서리와 결합 특히, 아무것도하지만.\",\"당신의 내면의 동물을 데려와\n동물 인쇄는 기본적으로 중립적 인 패턴,하지만 그들은 또한 다른 길 들여진 모양에 고유성과이자를 추가 할 수 있습니다. 같은 색 계열에 있지만 돌 세척 데님과 페블 가죽과 같은 섬유를 다양한 만들어진 조각으로 시작합니다. 그런 다음, 단지 플러시 벨벳 노새를 추가하고 표범 프린트 탑과 함께 모습을 묶어.\",\"COLORS 좌표\n당신은 중립적 인 수단을 생각한다면 당신은 색상을 포기해야, 다시 생각합니다. 트릭은 브라운과 오렌지 또는 회색과 보라색으로 서로를 보완 색상을 페어링하는 것입니다. 우리는 특히 한때 군사 전용 올리브 / 카키 콤보뿐만 아니라 중립으로 잘 위장 파트너를 생각합니다. 세련된 가죽 차기와 다양한 베이지 색 배낭을 추가하고 당신은 갈 머리부터 발끝까지 준비가.\",\"https://s3.amazonaws.com/com.stitchfix.blog/wp-content/uploads/2018/07/30095117/W_BLG_-Whats-New-In_Neutrals-and-How-to-Wear-Them-72-dpi-final-23.jpg\",\"https://s3.amazonaws.com/com.stitchfix.blog/wp-content/uploads/2018/07/30095239/W_BLG_-Whats-New-In_Neutrals-and-How-to-Wear-Them-72-dpi-final-24.jpg\"]','2019-09-03 12:26:01.000000','2019-09-03 12:26:01.000000','https://s3.amazonaws.com/com.stitchfix.blog/wp-content/uploads/2018/07/30094952/W_BLG_-Whats-New-In_Neutrals-and-How-to-Wear-Them-72-dpi-final-2-296x296.jpg',1,4),(57,'올해 가을 6가지 방법으로 격자무늬 입어보기','[\"가을. 선택의 체크 무늬 - 가을 인쇄 : 싱싱 잎 같은 계절 즐겨 찾기, 차가운 날씨와 호박 양념 모두와 함께, 정말 우리에게 차례로, 우리가 생각하게 몇 가지 심각한 개학 느낌을주는 가을.\",\"마모 & PAIR\n방법을 모르는 당신의 옷장에있는 다른 조각으로 격자 무늬를 조정하는? 검은 색과 흰색의 조각으로 시작하고,이 경우, 화려한 조색 여성 코트,가 색상의 팝업을 추가 할 수 있습니다. 우리는 여기에 회색 옷의 캐주얼 모양과 검은 클러치를 사랑하지만,이 사랑스러운 드레스만큼 좋은 뽕나무 모토 재킷과 검은 부츠, 말,에 보일 것이다.\",\"OFF IT를 TOP\n다크 데님은 확실히 가을 옷장 주식이며, 격자 무늬 셔츠와 페어링하는 것은 생각할 필요도 없다. 그러나, 플롯 트위스트 :이 데님과 체크 무늬 모습 (! 그게 뭐 잘못이있다하지 않는 것이) 평균 그런 지 스타일의 플란넬보다 훨씬 dressier의 최고에 의존한다. 그 결과, 올리브 토트와 아름다운 크랜베리 ​​아파트와 결합 할 때, 코너 커피 숍보다 훨씬 더 당신을 데려 갈 것이다 의상입니다.\",\"https://s3.amazonaws.com/com.stitchfix.blog/wp-content/uploads/2016/09/26162105/W_BLG_HowToWearPlaid_REV_1.jpg\",\"https://s3.amazonaws.com/com.stitchfix.blog/wp-content/uploads/2016/09/26162132/W_BLG_HowToWearPlaid_REV_3.jpg\"]','2019-09-03 12:26:01.000000','2019-09-03 12:26:01.000000','https://s3.amazonaws.com/com.stitchfix.blog/wp-content/uploads/2016/09/24124936/W_BLG_HowToWearPlaid_SQ-296x296.jpg',1,1),(58,'앵클부츠로 예쁘게 스타일링 하기','[\"발목 부츠는 당신에게 당신의 모든 변덕에 맞게 스타일의 다양성을주는 가을의 알려지지 않은 영웅이다. 작업에 떨어져 돌진에 대자연을 탐험에서, 우리는 당신이 함께 모습을 끌어 도움이 오른쪽 발목 옷을 가지고있다.\",\"격자 무늬, 재정의\n발목 부츠, 청바지와 체크 무늬 스타일의 천생연분이다. 이 전형적인 가을 콤보 트럭 세련된 현대 도시인을위한로 변환됩니다. 매끄러운, 중성 스웨이드 뾰족한 발가락 엉덩 청바지에 꼬리 치는 드레스에서 모든 것을 가서 스타일로 항상 것입니다.\",\"SIMPLY 연마\n일을 편안하게 드레싱에 대한 스트레스? 절대로 플랫 발목 부팅 당신을 구출 여기, 두려워하지! 어두운 스웨이드 둥근 발가락 엉덩 일이 쉽게 월요일부터 금요일 모양에 미묘한 풍요 로움과 편안함을 추가합니다. 당신의 마음에 드는 아늑한 스웨터, 아래로 선명한 흰색 버튼과 신축성 체크 무늬 펜슬 스커트와 레이어에 더미입니다.\",\"https://s3.amazonaws.com/com.stitchfix.blog/wp-content/uploads/2017/09/26161314/W_BLG_HowToWearAnkleBootiesThisSeason1.jpg\",\"https://s3.amazonaws.com/com.stitchfix.blog/wp-content/uploads/2017/09/26161335/W_BLG_HowToWearAnkleBootiesThisSeason3.jpg\"]','2019-09-03 12:26:01.000000','2019-09-03 12:26:01.000000','https://s3.amazonaws.com/com.stitchfix.blog/wp-content/uploads/2017/09/26161304/W_BLG_HowToWearAnkleBootiesThisSeason_SQ-296x296.jpg',1,2),(59,'나만의 개성 뽐내기','[\"거울을 봐. 기회는 당신이 하나 (또는 ​​여러가) 그건 당신이 미소를 만들거야 기능을 볼 수 있습니다. 그것은 그 특정 기능을 강조 놀라운 팔이나 아름다운 다리, 옷이든 신체의 가장 친한 친구가 될 것입니다. 시작 위치를 몰라? 당신이 사랑하는 부분을 발견하고 그들을 밖으로 서 만들거야 스타일을 발견하여 시작합니다.\",\"민소매 TOP 함께 팔을 강조\n당신이 매끈한 어깨와 팔을 자랑 경우, 윤곽을 보완 스타일을 찾습니다. 레이서 백 탱크도 어깨를 정의하는 동안 민소매 상단 또는 조끼는 팔을 길게. 그들에게 일년 내내 착용이 팔 아첨 꼭대기 위에 데님 재킷 또는 재킷을 레이어.\",\"당신의 GAMS을 영화 롭게\n다리는 사랑? 당신의 GAMS에게 주연 역할을 부여합니다. 다만 매끄러운, 실선을 만들 수있는 신발을 대충 훑어 재킷을 얹어 꼬리 치는 미니 드레스 또는 연필 스커트를 착용하십시오. 또는 신축성 마른 청바지에 물건을 잘난. 몸-포옹 직물은 좋은 형태로 다리를 유지합니다.\",\"https://s3.amazonaws.com/com.stitchfix.blog/wp-content/uploads/2017/10/14145533/BLG_EveryBodyGotStyle1.jpg\",\"https://s3.amazonaws.com/com.stitchfix.blog/wp-content/uploads/2017/10/14145601/BLG_EveryBodyGotStyle4.jpg\"]','2019-09-03 12:26:01.000000','2019-09-03 12:26:01.000000','https://s3.amazonaws.com/com.stitchfix.blog/wp-content/uploads/2017/10/14145524/BLG_EveryBodyGotStyle_sq-296x296.jpg',1,3),(60,'아이들에게 꼭 맞는 바지 고르는 법','[\"바지는 어린이 수정에서 사용할 수있는 남자와 여자, 그리고 스타일 모두에 대해 지금까지 기본 청바지 또는 땀를 벗어난 모든 옷장에 키 옷장의 필수품입니다. 바지의 좋은 쌍뿐만 아니라 작동하지만, 재미를위한 기반이 아이가 착용하는 사랑하고 당신이 그들을보고 사랑 할거야 것으로 보인다 있습니다. 다음 일정 키즈 바지의 다양한 스타일을하는 방법에 대한 우리의 제안을 확인 키즈은 수정하고 재미를 시작하자!\",\"지문이 혼합 FIT\n꽃 바지 언뜻 슈퍼 다목적 보이지 않을 수도 있지만, 같은 색상의 펄 레트에서 스트라이프 톱과 스타일을 때, 그들은 정말 빛나는. 그리고 빛의 말하기, 이러한 흰색 운동화에 금속 파스너는 여자가 사랑을 할 수 매혹적 단지 터치를 추가합니다. 그들은 모두 학교 및 주말 활동을위한 완벽한입니다. 이 바지는 더 공식적인 행사에 대한 뻗 블라우스 및 특허 신발을 착용 할 수있다.\",\"COOL & CASUAL\n어떻게 유비쿼터스 그래픽 티를 상승 하는가? 하지 않은 너무 지루한 색상에 약간의 드로 스트링 팬츠와 페어링. 우리는 그가 구구단 작업을 내부에 붙어 경우에도, 그는이 옷의 활동적 느낌을 사랑합니다 생각합니다. 일부 편안한 운동화와 결합 할 때,이 옷은 순간의 통지에 홈을위한 준비가 될 것입니다. 바지는 좀 더 옷의 모양의 버튼 다운 셔츠와 함께 잘 재생합니다.\",\"https://s3.amazonaws.com/com.stitchfix.blog/wp-content/uploads/2018/09/10164027/K_BLG_-Your-Kids-Perfect-Pants_In_blog2.jpg\",\"https://s3.amazonaws.com/com.stitchfix.blog/wp-content/uploads/2018/09/10164034/K_BLG_-Your-Kids-Perfect-Pants_In_blog3.jpg\"]','2019-09-03 12:26:01.000000','2019-09-03 12:26:01.000000','https://s3.amazonaws.com/com.stitchfix.blog/wp-content/uploads/2018/09/10164018/K_BLG_-Your-Kids-Perfect-Pants_In_blog1-296x296.jpg',1,4),(61,'데님 솔기를 위한 가이드','[\"완벽한 청바지를 발견하기위한 지속적인 탐구에서, 우리는 말 : 더 많은 지식, 더 나은. 우리의 데님 가이드는 핵심적 견실 한 기술 물건에 대한 최신 스타일 및 동향, 그러나 무엇을 알고에 대한 원 스톱 쇼핑입니까? 처럼 ... 인심! 심지어는 무엇을 의미 하는가? 그리고, 그들은 당신의 방법에 맞게해야합니까?\",\"스키니 청바지 FIT하는 방법\n스키니 청바지 두 가지 방법 중 하나를 착용 할 수있다. 당신이 발목에 칠을 선호하는 경우, 짧은 인심에 대한 당신의 스타일리스트에게 문의하십시오. 당신이 발목에 무리를 좋아하는 경우에, 그들이 당신의 높이와 관련하여 터치 더 길어질 수 있음을 부탁드립니다. 어느 쪽이든, 당신은 노력, 캐주얼보고에 대 한 옷으로 마른 체형의 청바지를 페어링 할 수 있습니다.\",\"LEG 청바지 FIT 방법 STRAIGHT\n스트레이트 청바지 보편적 적합 및 알려져있다 마른 실루엣에 더 가까이 사촌 다양성-라고요! 오른쪽 발목 아무것도에서 고전 직선 다리 휴식이 너무 오래 발 뒤꿈치가 필요한 의미 발목 주위에 여분의 대량 발생할 수 있습니다!\",\"https://s3.amazonaws.com/com.stitchfix.blog/wp-content/uploads/2018/09/05170651/W_BLG_YourGuideToDenimInseams_Skinny.jpg\",\"https://s3.amazonaws.com/com.stitchfix.blog/wp-content/uploads/2018/09/05170633/W_BLG_YourGuideToDenimInseams_Straight.jpg\"]','2019-09-03 12:26:01.000000','2019-09-03 12:26:01.000000','https://s3.amazonaws.com/com.stitchfix.blog/wp-content/uploads/2018/09/05170643/W_BLG_YourGuideToDenimInseams_SQ-296x296.jpg',1,1),(62,'photo_title_1','photo_cont_1','2018-09-03 12:26:01.000000','2018-09-03 12:26:01.000000','https://s3.amazonaws.com/com.stitchfix.blog/wp-content/uploads/2019/05/30104601/19-04-22_Set_2_W_OLD_v3_BG-592x592.jpg',3,1),(63,'photo_title_2','photo_cont_2','2018-09-04 12:26:01.000000','2018-09-04 12:26:01.000000','https://s3.amazonaws.com/com.stitchfix.blog/wp-content/uploads/2019/05/30104550/19-04-22_Set_2_W_OLD_v2_BG-592x592.jpg',3,1),(64,'photo_title_3','photo_cont_3','2018-09-05 12:26:01.000000','2018-09-05 12:26:01.000000','https://s3.amazonaws.com/com.stitchfix.blog/wp-content/uploads/2019/05/30104539/19-04-22_Set_2_W_OLD_v1_BG-592x592.jpg',3,1),(65,'photo_title_4','photo_cont_4','2018-09-06 12:26:01.000000','2018-09-06 12:26:01.000000','https://s3.amazonaws.com/com.stitchfix.blog/wp-content/uploads/2019/05/30104624/19-04-22_Set_2_W_OLD_v5_BG-592x592.jpg',3,1),(66,'photo_title_5','photo_cont_5','2018-09-07 12:26:01.000000','2018-09-07 12:26:01.000000','https://s3.amazonaws.com/com.stitchfix.blog/wp-content/uploads/2019/05/30104612/19-04-22_Set_2_W_OLD_v4_BG-592x592.jpg',3,1),(67,'photo_title_6','photo_cont_6','2018-09-08 12:26:01.000000','2018-09-08 12:26:01.000000','https://s3.amazonaws.com/com.stitchfix.blog/wp-content/uploads/2019/05/30104639/19-04-23_Set_2_W_OLD_v1_BG-592x592.jpg',3,1),(68,'photo_title_7','photo_cont_7','2018-09-09 12:26:01.000000','2018-09-09 12:26:01.000000','https://s3.amazonaws.com/com.stitchfix.blog/wp-content/uploads/2019/05/30104724/19-04-23_Set_2_W_OLD_v3_BG-592x592.jpg',3,1),(69,'photo_title_8','photo_cont_8','2018-09-10 12:26:01.000000','2018-09-10 12:26:01.000000','https://s3.amazonaws.com/com.stitchfix.blog/wp-content/uploads/2019/05/30104717/19-04-23_Set_2_W_OLD_v2_BG-592x592.jpg',3,1),(70,'photo_title_9','photo_cont_9','2018-09-11 12:26:01.000000','2018-09-11 12:26:01.000000','https://s3.amazonaws.com/com.stitchfix.blog/wp-content/uploads/2019/05/30104752/19-04-30_Set_1_W_OLD_v2_BG-592x592.jpg',3,1),(71,'photo_title_10','photo_cont_10','2018-09-12 12:26:01.000000','2018-09-12 12:26:01.000000','https://s3.amazonaws.com/com.stitchfix.blog/wp-content/uploads/2019/05/30104742/19-04-30_Set_1_W_OLD_v1_BG-592x592.jpg',3,1),(72,'photo_title_11','photo_cont_11','2018-09-13 12:26:01.000000','2018-09-13 12:26:01.000000','https://s3.amazonaws.com/com.stitchfix.blog/wp-content/uploads/2019/05/30104813/19-05-01_Set_1_W_OLD_v2_BG-592x592.jpg',3,1),(73,'photo_title_12','photo_cont_12','2018-09-14 12:26:01.000000','2018-09-14 12:26:01.000000','https://s3.amazonaws.com/com.stitchfix.blog/wp-content/uploads/2019/05/30104802/19-05-01_Set_1_W_OLD_v1_BG-592x592.jpg',3,1),(74,'photo_title_13','photo_cont_13','2018-09-15 12:26:01.000000','2018-09-15 12:26:01.000000','https://s3.amazonaws.com/com.stitchfix.blog/wp-content/uploads/2019/05/30104844/19-05-01_Set_1_W_OLD_v5_BG-592x592.jpg',3,1),(75,'photo_title_14','photo_cont_14','2018-09-16 12:26:01.000000','2018-09-16 12:26:01.000000','https://s3.amazonaws.com/com.stitchfix.blog/wp-content/uploads/2019/05/30104833/19-05-01_Set_1_W_OLD_v4_BG-592x592.jpg',3,1),(76,'photo_title_15','photo_cont_15','2018-09-17 12:26:01.000000','2018-09-17 12:26:01.000000','https://s3.amazonaws.com/com.stitchfix.blog/wp-content/uploads/2019/05/30104824/19-05-01_Set_1_W_OLD_v3_BG-592x592.jpg',3,1),(77,'photo_title_16','photo_cont_16','2018-09-18 12:26:01.000000','2018-09-18 12:26:01.000000','https://s3.amazonaws.com/com.stitchfix.blog/wp-content/uploads/2019/05/30104853/19-05-01_Set_1_W_OLD_v6_BG-592x592.jpg',3,1),(78,'photo_title_17','photo_cont_17','2018-09-19 12:26:01.000000','2018-09-19 12:26:01.000000','https://s3.amazonaws.com/com.stitchfix.blog/wp-content/uploads/2019/05/30104906/19-05-01_Set_1_W_OLD_v10_BG-592x592.jpg',3,1),(79,'photo_title_18','photo_cont_18','2018-09-20 12:26:01.000000','2018-09-20 12:26:01.000000','https://s3.amazonaws.com/com.stitchfix.blog/wp-content/uploads/2019/05/30104929/19-05-08_Set_1_W_OLD_v1_BG-592x592.jpg',3,1),(80,'photo_title_19','photo_cont_19','2018-09-21 12:26:01.000000','2018-09-21 12:26:01.000000','https://s3.amazonaws.com/com.stitchfix.blog/wp-content/uploads/2019/05/30104920/19-05-01_Set_1_W_OLD_v11_BG-592x592.jpg',3,1),(81,'photo_title_20','photo_cont_20','2018-09-22 12:26:01.000000','2018-09-22 12:26:01.000000','https://s3.amazonaws.com/com.stitchfix.blog/wp-content/uploads/2019/05/30104951/19-05-08_Set_1_W_OLD_v2_BG-592x592.jpg',3,1),(82,'photo_title_21','photo_cont_21','2018-09-23 12:26:01.000000','2018-09-23 12:26:01.000000','https://s3.amazonaws.com/com.stitchfix.blog/wp-content/uploads/2019/05/30105012/19-05-08_Set_1_W_OLD_v4_BG-592x592.jpg',3,1),(83,'photo_title_22','photo_cont_22','2018-09-24 12:26:01.000000','2018-09-24 12:26:01.000000','https://s3.amazonaws.com/com.stitchfix.blog/wp-content/uploads/2019/05/30105002/19-05-08_Set_1_W_OLD_v3_BG-592x592.jpg',3,1),(84,'photo_title_23','photo_cont_23','2018-09-25 12:26:01.000000','2018-09-25 12:26:01.000000','https://s3.amazonaws.com/com.stitchfix.blog/wp-content/uploads/2019/05/30105033/19-05-08_Set_1_W_OLD_v6_BG-592x592.jpg',3,1),(85,'photo_title_24','photo_cont_24','2018-09-26 12:26:01.000000','2018-09-26 12:26:01.000000','https://s3.amazonaws.com/com.stitchfix.blog/wp-content/uploads/2019/05/30105056/19-05-08_Set_1_W_OLD_v8_BG-592x592.jpg',3,1),(86,'photo_title_25','photo_cont_25','2018-09-27 12:26:01.000000','2018-09-27 12:26:01.000000','https://s3.amazonaws.com/com.stitchfix.blog/wp-content/uploads/2019/05/30105045/19-05-08_Set_1_W_OLD_v7_BG-592x592.jpg',3,1),(87,'photo_title_26','photo_cont_26','2018-09-28 12:26:01.000000','2018-09-28 12:26:01.000000','https://s3.amazonaws.com/com.stitchfix.blog/wp-content/uploads/2019/05/30105130/19-05-09_Set_1_W_OLD_v10_BG-592x592.jpg',3,1),(88,'photo_title_27','photo_cont_27','2018-09-29 12:26:01.000000','2018-09-29 12:26:01.000000','https://s3.amazonaws.com/com.stitchfix.blog/wp-content/uploads/2019/05/30105150/19-05-09_Set_1_W_OLD_v12_BG-592x592.jpg',3,1),(89,'photo_title_28','photo_cont_28','2018-09-30 12:26:01.000000','2018-09-30 12:26:01.000000','https://s3.amazonaws.com/com.stitchfix.blog/wp-content/uploads/2019/05/30105150/19-05-09_Set_1_W_OLD_v12_BG-592x592.jpg',3,1),(90,'photo_title_29','photo_cont_29','2018-10-01 12:26:01.000000','2018-10-01 12:26:01.000000','https://s3.amazonaws.com/com.stitchfix.blog/wp-content/uploads/2019/05/30105140/19-05-09_Set_1_W_OLD_v11_BG-592x592.jpg',3,1),(91,'photo_title_30','photo_cont_30','2018-10-02 12:26:01.000000','2018-10-02 12:26:01.000000','https://s3.amazonaws.com/com.stitchfix.blog/wp-content/uploads/2019/04/29172642/19-04-03_Set_1_W_OLD_v1-592x592.jpg',3,1),(92,'photo_title_31','photo_cont_31','2018-10-03 12:26:01.000000','2018-10-03 12:26:01.000000','https://s3.amazonaws.com/com.stitchfix.blog/wp-content/uploads/2019/04/29172712/19-04-03_Set_2_W_OLD_v1-592x592.jpg',3,1),(93,'photo_title_32','photo_cont_32','2018-10-04 12:26:01.000000','2018-10-04 12:26:01.000000','https://s3.amazonaws.com/com.stitchfix.blog/wp-content/uploads/2019/04/29172702/19-04-03_Set_1_W_OLD_v3-592x592.jpg',3,1),(94,'photo_title_33','photo_cont_33','2018-10-05 12:26:01.000000','2018-10-05 12:26:01.000000','https://s3.amazonaws.com/com.stitchfix.blog/wp-content/uploads/2019/04/29172748/19-04-03_Set_2_W_OLD_v2-592x592.jpg',3,1),(95,'photo_title_34','photo_cont_34','2018-10-06 12:26:01.000000','2018-10-06 12:26:01.000000','https://s3.amazonaws.com/com.stitchfix.blog/wp-content/uploads/2019/04/30090715/19-04-03_Set_2_W_OLD_v4-592x592.jpg',3,1),(96,'photo_title_35','photo_cont_35','2018-10-07 12:26:01.000000','2018-10-07 12:26:01.000000','https://s3.amazonaws.com/com.stitchfix.blog/wp-content/uploads/2019/04/30090706/19-04-03_Set_2_W_OLD_v3-592x592.jpg',3,1),(97,'photo_title_36','photo_cont_36','2018-10-08 12:26:01.000000','2018-10-08 12:26:01.000000','https://s3.amazonaws.com/com.stitchfix.blog/wp-content/uploads/2019/04/30090751/19-04-03_Set_2_W_OLD_v5-592x592.jpg',3,1),(98,'photo_title_37','photo_cont_37','2018-10-09 12:26:01.000000','2018-10-09 12:26:01.000000','https://s3.amazonaws.com/com.stitchfix.blog/wp-content/uploads/2019/04/30090829/19-04-04_Set_1_W_OLD_v2-592x592.jpg',3,1),(99,'photo_title_38','photo_cont_38','2018-10-10 12:26:01.000000','2018-10-10 12:26:01.000000','https://s3.amazonaws.com/com.stitchfix.blog/wp-content/uploads/2019/04/30090757/19-04-04_Set_1_W_OLD_v1-592x592.jpg',3,1),(100,'photo_title_39','photo_cont_39','2018-10-11 12:26:01.000000','2018-10-11 12:26:01.000000','https://s3.amazonaws.com/com.stitchfix.blog/wp-content/uploads/2019/04/30090851/19-04-04_Set_1_W_OLD_v4-592x592.jpg',3,1),(101,'photo_title_40','photo_cont_40','2018-10-12 12:26:01.000000','2018-10-12 12:26:01.000000','https://s3.amazonaws.com/com.stitchfix.blog/wp-content/uploads/2019/04/30090838/19-04-04_Set_1_W_OLD_v3-592x592.jpg',3,1),(102,'photo_title_41','photo_cont_41','2018-10-13 12:26:01.000000','2018-10-13 12:26:01.000000','https://s3.amazonaws.com/com.stitchfix.blog/wp-content/uploads/2019/04/30090910/19-04-04_Set_1_W_OLD_v6-592x592.jpg',3,1),(103,'photo_title_42','photo_cont_42','2018-10-14 12:26:01.000000','2018-10-14 12:26:01.000000','https://s3.amazonaws.com/com.stitchfix.blog/wp-content/uploads/2019/04/30090900/19-04-04_Set_1_W_OLD_v5-592x592.jpg',3,1),(104,'photo_title_43','photo_cont_43','2018-10-15 12:26:01.000000','2018-10-15 12:26:01.000000','https://s3.amazonaws.com/com.stitchfix.blog/wp-content/uploads/2019/04/30090929/19-04-04_Set_1_W_OLD_v8-592x592.jpg',3,1),(105,'photo_title_44','photo_cont_44','2018-10-16 12:26:01.000000','2018-10-16 12:26:01.000000','https://s3.amazonaws.com/com.stitchfix.blog/wp-content/uploads/2019/04/30090919/19-04-04_Set_1_W_OLD_v7-592x592.jpg',3,1),(106,'photo_title_45','photo_cont_45','2018-10-17 12:26:01.000000','2018-10-17 12:26:01.000000','https://s3.amazonaws.com/com.stitchfix.blog/wp-content/uploads/2019/04/30090951/19-04-08_Set_1_W_OLD_v1-592x592.jpg',3,1),(107,'photo_title_46','photo_cont_46','2018-10-18 12:26:01.000000','2018-10-18 12:26:01.000000','https://s3.amazonaws.com/com.stitchfix.blog/wp-content/uploads/2019/04/30090942/19-04-04_Set_1_W_OLD_v9-592x592.jpg',3,1),(108,'photo_title_47','photo_cont_47','2018-10-19 12:26:01.000000','2018-10-19 12:26:01.000000','https://s3.amazonaws.com/com.stitchfix.blog/wp-content/uploads/2019/04/30091014/19-04-08_Set_1_W_OLD_v3-592x592.jpg',3,1),(109,'photo_title_48','photo_cont_48','2018-10-20 12:26:01.000000','2018-10-20 12:26:01.000000','https://s3.amazonaws.com/com.stitchfix.blog/wp-content/uploads/2019/04/30091003/19-04-08_Set_1_W_OLD_v2-592x592.jpg',3,1),(110,'photo_title_49','photo_cont_49','2018-10-21 12:26:01.000000','2018-10-21 12:26:01.000000','https://s3.amazonaws.com/com.stitchfix.blog/wp-content/uploads/2019/04/30091047/19-04-08_Set_1_W_OLD_v5-592x592.jpg',3,1),(111,'photo_title_50','photo_cont_50','2018-10-22 12:26:01.000000','2018-10-22 12:26:01.000000','https://s3.amazonaws.com/com.stitchfix.blog/wp-content/uploads/2019/05/30104601/19-04-22_Set_2_W_OLD_v3_BG-592x592.jpg',3,2),(112,'photo_title_51','photo_cont_51','2018-10-23 12:26:01.000000','2018-10-23 12:26:01.000000','https://s3.amazonaws.com/com.stitchfix.blog/wp-content/uploads/2019/05/30104550/19-04-22_Set_2_W_OLD_v2_BG-592x592.jpg',3,2),(113,'photo_title_52','photo_cont_52','2018-10-24 12:26:01.000000','2018-10-24 12:26:01.000000','https://s3.amazonaws.com/com.stitchfix.blog/wp-content/uploads/2019/05/30104539/19-04-22_Set_2_W_OLD_v1_BG-592x592.jpg',3,2),(114,'photo_title_53','photo_cont_53','2018-10-25 12:26:01.000000','2018-10-25 12:26:01.000000','https://s3.amazonaws.com/com.stitchfix.blog/wp-content/uploads/2019/05/30104624/19-04-22_Set_2_W_OLD_v5_BG-592x592.jpg',3,2),(115,'photo_title_54','photo_cont_54','2018-10-26 12:26:01.000000','2018-10-26 12:26:01.000000','https://s3.amazonaws.com/com.stitchfix.blog/wp-content/uploads/2019/05/30104612/19-04-22_Set_2_W_OLD_v4_BG-592x592.jpg',3,2),(116,'photo_title_55','photo_cont_55','2018-10-27 12:26:01.000000','2018-10-27 12:26:01.000000','https://s3.amazonaws.com/com.stitchfix.blog/wp-content/uploads/2019/05/30104639/19-04-23_Set_2_W_OLD_v1_BG-592x592.jpg',3,2),(117,'photo_title_56','photo_cont_56','2018-10-28 12:26:01.000000','2018-10-28 12:26:01.000000','https://s3.amazonaws.com/com.stitchfix.blog/wp-content/uploads/2019/05/30104717/19-04-23_Set_2_W_OLD_v2_BG-592x592.jpg',3,2),(118,'photo_title_57','photo_cont_57','2018-10-29 12:26:01.000000','2018-10-29 12:26:01.000000','https://s3.amazonaws.com/com.stitchfix.blog/wp-content/uploads/2019/05/30104724/19-04-23_Set_2_W_OLD_v3_BG-592x592.jpg',3,2),(119,'photo_title_58','photo_cont_58','2018-10-30 12:26:01.000000','2018-10-30 12:26:01.000000','https://s3.amazonaws.com/com.stitchfix.blog/wp-content/uploads/2019/05/30104752/19-04-30_Set_1_W_OLD_v2_BG-592x592.jpg',3,2),(120,'photo_title_59','photo_cont_59','2018-10-31 12:26:01.000000','2018-10-31 12:26:01.000000','https://s3.amazonaws.com/com.stitchfix.blog/wp-content/uploads/2019/05/30104802/19-05-01_Set_1_W_OLD_v1_BG-592x592.jpg',3,2),(121,'photo_title_60','photo_cont_60','2018-11-01 12:26:01.000000','2018-11-01 12:26:01.000000','https://s3.amazonaws.com/com.stitchfix.blog/wp-content/uploads/2019/05/30104844/19-05-01_Set_1_W_OLD_v5_BG-592x592.jpg',3,2),(122,'photo_title_61','photo_cont_61','2018-11-02 12:26:01.000000','2018-11-02 12:26:01.000000','https://s3.amazonaws.com/com.stitchfix.blog/wp-content/uploads/2019/05/30104833/19-05-01_Set_1_W_OLD_v4_BG-592x592.jpg',3,2),(123,'photo_title_62','photo_cont_62','2018-11-03 12:26:01.000000','2018-11-03 12:26:01.000000','https://s3.amazonaws.com/com.stitchfix.blog/wp-content/uploads/2019/05/30104824/19-05-01_Set_1_W_OLD_v3_BG-592x592.jpg',3,2),(124,'photo_title_63','photo_cont_63','2018-11-04 12:26:01.000000','2018-11-04 12:26:01.000000','https://s3.amazonaws.com/com.stitchfix.blog/wp-content/uploads/2019/05/30104906/19-05-01_Set_1_W_OLD_v10_BG-592x592.jpg',3,2),(125,'photo_title_64','photo_cont_64','2018-11-05 12:26:01.000000','2018-11-05 12:26:01.000000','https://s3.amazonaws.com/com.stitchfix.blog/wp-content/uploads/2019/05/30104853/19-05-01_Set_1_W_OLD_v6_BG-592x592.jpg',3,2),(126,'photo_title_65','photo_cont_65','2018-11-06 12:26:01.000000','2018-11-06 12:26:01.000000','https://s3.amazonaws.com/com.stitchfix.blog/wp-content/uploads/2019/05/30104920/19-05-01_Set_1_W_OLD_v11_BG-592x592.jpg',3,2),(127,'photo_title_66','photo_cont_66','2018-11-07 12:26:01.000000','2018-11-07 12:26:01.000000','https://s3.amazonaws.com/com.stitchfix.blog/wp-content/uploads/2019/05/30104929/19-05-08_Set_1_W_OLD_v1_BG-592x592.jpg',3,2),(128,'photo_title_67','photo_cont_67','2018-11-08 12:26:01.000000','2018-11-08 12:26:01.000000','https://s3.amazonaws.com/com.stitchfix.blog/wp-content/uploads/2019/05/30104951/19-05-08_Set_1_W_OLD_v2_BG-592x592.jpg',3,2),(129,'photo_title_68','photo_cont_68','2018-11-09 12:26:01.000000','2018-11-09 12:26:01.000000','https://s3.amazonaws.com/com.stitchfix.blog/wp-content/uploads/2019/05/30105012/19-05-08_Set_1_W_OLD_v4_BG-592x592.jpg',3,2),(130,'photo_title_69','photo_cont_69','2018-11-10 12:26:01.000000','2018-11-10 12:26:01.000000','https://s3.amazonaws.com/com.stitchfix.blog/wp-content/uploads/2019/05/30105002/19-05-08_Set_1_W_OLD_v3_BG-592x592.jpg',3,2),(131,'photo_title_70','photo_cont_70','2018-11-11 12:26:01.000000','2018-11-11 12:26:01.000000','https://s3.amazonaws.com/com.stitchfix.blog/wp-content/uploads/2019/05/30105033/19-05-08_Set_1_W_OLD_v6_BG-592x592.jpg',3,2),(132,'photo_title_71','photo_cont_71','2018-11-12 12:26:01.000000','2018-11-12 12:26:01.000000','https://s3.amazonaws.com/com.stitchfix.blog/wp-content/uploads/2019/05/30105056/19-05-08_Set_1_W_OLD_v8_BG-592x592.jpg',3,2),(133,'photo_title_72','photo_cont_72','2018-11-13 12:26:01.000000','2018-11-13 12:26:01.000000','https://s3.amazonaws.com/com.stitchfix.blog/wp-content/uploads/2019/05/30105045/19-05-08_Set_1_W_OLD_v7_BG-592x592.jpg',3,2),(134,'photo_title_73','photo_cont_73','2018-11-14 12:26:01.000000','2018-11-14 12:26:01.000000','https://s3.amazonaws.com/com.stitchfix.blog/wp-content/uploads/2019/05/30105130/19-05-09_Set_1_W_OLD_v10_BG-592x592.jpg',3,2),(135,'photo_title_74','photo_cont_74','2018-11-15 12:26:01.000000','2018-11-15 12:26:01.000000','https://s3.amazonaws.com/com.stitchfix.blog/wp-content/uploads/2019/05/30105120/19-05-09_Set_1_W_OLD_v9_BG-592x592.jpg',3,2),(136,'photo_title_75','photo_cont_75','2018-11-16 12:26:01.000000','2018-11-16 12:26:01.000000','https://s3.amazonaws.com/com.stitchfix.blog/wp-content/uploads/2019/05/30105150/19-05-09_Set_1_W_OLD_v12_BG-592x592.jpg',3,2),(137,'photo_title_76','photo_cont_76','2018-11-17 12:26:01.000000','2018-11-17 12:26:01.000000','https://s3.amazonaws.com/com.stitchfix.blog/wp-content/uploads/2019/05/30105140/19-05-09_Set_1_W_OLD_v11_BG-592x592.jpg',3,2),(138,'photo_title_77','photo_cont_77','2018-11-18 12:26:01.000000','2018-11-18 12:26:01.000000','https://s3.amazonaws.com/com.stitchfix.blog/wp-content/uploads/2019/05/06155312/T4_W19_0006_BLG_Dress-to-Impress_72dpi_SQ-592x592.jpg',3,2),(139,'photo_title_78','photo_cont_78','2018-11-19 12:26:01.000000','2018-11-19 12:26:01.000000','https://s3.amazonaws.com/com.stitchfix.blog/wp-content/uploads/2019/04/29165829/T4_W19_0012_BLG_White-Hot4-592x592.jpg',3,2),(140,'photo_title_79','photo_cont_79','2018-11-20 12:26:01.000000','2018-11-20 12:26:01.000000','https://s3.amazonaws.com/com.stitchfix.blog/wp-content/uploads/2018/11/30135356/18-11-01_Set_1_W_OLD_v7-S-592x592.jpg',3,2),(141,'photo_title_80','photo_cont_80','2018-11-21 12:26:01.000000','2018-11-21 12:26:01.000000','https://s3.amazonaws.com/com.stitchfix.blog/wp-content/uploads/2018/11/30135503/18-11-01_Set_2_W_OLD_v2-S-592x592.jpg',3,2),(142,'photo_title_81','photo_cont_81','2018-11-22 12:26:01.000000','2018-11-22 12:26:01.000000','https://s3.amazonaws.com/com.stitchfix.blog/wp-content/uploads/2018/11/30135449/18-11-01_Set_2_W_OLD_v1-S-592x592.jpg',3,2),(143,'photo_title_82','photo_cont_82','2018-11-23 12:26:01.000000','2018-11-23 12:26:01.000000','https://s3.amazonaws.com/com.stitchfix.blog/wp-content/uploads/2018/11/30135532/18-11-01_Set_2_W_OLD_v4-S-592x592.jpg',3,2),(144,'photo_title_83','photo_cont_83','2018-11-24 12:26:01.000000','2018-11-24 12:26:01.000000','https://s3.amazonaws.com/com.stitchfix.blog/wp-content/uploads/2018/11/30135657/18-11-01_Set_2_W_OLD_v12-S-592x592.jpg',3,2),(145,'photo_title_84','photo_cont_84','2018-11-25 12:26:01.000000','2018-11-25 12:26:01.000000','https://s3.amazonaws.com/com.stitchfix.blog/wp-content/uploads/2018/10/18135316/BLG_NovMOO_white_9-592x592.jpg',3,2),(146,'photo_title_85','photo_cont_85','2018-11-26 12:26:01.000000','2018-11-26 12:26:01.000000','https://s3.amazonaws.com/com.stitchfix.blog/wp-content/uploads/2018/10/18135307/BLG_NovMOO_white_8-592x592.jpg',3,2),(147,'photo_title_86','photo_cont_86','2018-11-27 12:26:01.000000','2018-11-27 12:26:01.000000','https://s3.amazonaws.com/com.stitchfix.blog/wp-content/uploads/2018/10/18135325/BLG_NovMOO_white_10-592x592.jpg',3,2),(148,'photo_title_87','photo_cont_87','2018-11-28 12:26:01.000000','2018-11-28 12:26:01.000000','https://s3.amazonaws.com/com.stitchfix.blog/wp-content/uploads/2018/10/18135359/BLG_NovMOO_white_15-592x592.jpg',3,2),(149,'photo_title_88','photo_cont_88','2018-11-29 12:26:01.000000','2018-11-29 12:26:01.000000','https://s3.amazonaws.com/com.stitchfix.blog/wp-content/uploads/2018/10/18135445/BLG_NovMOO_white_20-592x592.jpg',3,2),(150,'photo_title_89','photo_cont_89','2018-11-30 12:26:01.000000','2018-11-30 12:26:01.000000','https://s3.amazonaws.com/com.stitchfix.blog/wp-content/uploads/2018/10/18135513/BLG_NovMOO_white_23-592x592.jpg',3,2),(151,'photo_title_90','photo_cont_90','2018-12-01 12:26:01.000000','2018-12-01 12:26:01.000000','https://s3.amazonaws.com/com.stitchfix.blog/wp-content/uploads/2018/10/18135503/BLG_NovMOO_white_22-592x592.jpg',3,2),(152,'photo_title_91','photo_cont_91','2018-12-02 12:26:01.000000','2018-12-02 12:26:01.000000','https://s3.amazonaws.com/com.stitchfix.blog/wp-content/uploads/2018/10/18135607/BLG_NovMOO_white_29-592x592.jpg',3,2),(153,'photo_title_92','photo_cont_92','2018-12-03 12:26:01.000000','2018-12-03 12:26:01.000000','https://s3.amazonaws.com/com.stitchfix.blog/wp-content/uploads/2018/10/18135600/BLG_NovMOO_white_28-592x592.jpg',3,2),(154,'photo_title_93','photo_cont_93','2018-12-04 12:26:01.000000','2018-12-04 12:26:01.000000','https://s3.amazonaws.com/com.stitchfix.blog/wp-content/uploads/2018/09/27155549/W_BLG_OctMonthofOutfits_w5-592x592.jpg',3,2),(155,'photo_title_94','photo_cont_94','2018-12-05 12:26:01.000000','2018-12-05 12:26:01.000000','https://s3.amazonaws.com/com.stitchfix.blog/wp-content/uploads/2018/09/27155555/W_BLG_OctMonthofOutfits_w6-592x592.jpg',3,2),(156,'photo_title_95','photo_cont_95','2018-12-06 12:26:01.000000','2018-12-06 12:26:01.000000','https://s3.amazonaws.com/com.stitchfix.blog/wp-content/uploads/2018/09/27155611/W_BLG_OctMonthofOutfits_w8-592x592.jpg',3,2),(157,'photo_title_96','photo_cont_96','2018-12-07 12:26:01.000000','2018-12-07 12:26:01.000000','https://s3.amazonaws.com/com.stitchfix.blog/wp-content/uploads/2018/09/27155629/W_BLG_OctMonthofOutfits_w10-592x592.jpg',3,2),(158,'photo_title_97','photo_cont_97','2018-12-08 12:26:01.000000','2018-12-08 12:26:01.000000','https://s3.amazonaws.com/com.stitchfix.blog/wp-content/uploads/2018/09/27155701/W_BLG_OctMonthofOutfits_w14-592x592.jpg',3,2),(159,'photo_title_98','photo_cont_98','2018-12-09 12:26:01.000000','2018-12-09 12:26:01.000000','https://s3.amazonaws.com/com.stitchfix.blog/wp-content/uploads/2018/09/27155716/W_BLG_OctMonthofOutfits_w16-592x592.jpg',3,2),(160,'photo_title_99','photo_cont_99','2018-12-10 12:26:01.000000','2018-12-10 12:26:01.000000','https://s3.amazonaws.com/com.stitchfix.blog/wp-content/uploads/2019/02/26130555/Spring-Denim-4-592x592.png',3,3),(161,'photo_title_100','photo_cont_100','2018-12-11 12:26:01.000000','2018-12-11 12:26:01.000000','https://s3.amazonaws.com/com.stitchfix.blog/wp-content/uploads/2019/02/26130509/Spring-Denim-5-592x592.png',3,3),(162,'photo_title_101','photo_cont_101','2018-12-12 12:26:01.000000','2018-12-12 12:26:01.000000','https://s3.amazonaws.com/com.stitchfix.blog/wp-content/uploads/2019/02/26130729/Spring-Denim-Silhouettes-2-592x592.png',3,3),(163,'photo_title_102','photo_cont_102','2018-12-13 12:26:01.000000','2018-12-13 12:26:01.000000','https://s3.amazonaws.com/com.stitchfix.blog/wp-content/uploads/2019/01/17173338/W_BLG_NewYearNewDenim_B-592x592.jpg',3,3),(164,'photo_title_103','photo_cont_103','2018-12-14 12:26:01.000000','2018-12-14 12:26:01.000000','https://s3.amazonaws.com/com.stitchfix.blog/wp-content/uploads/2019/02/26130641/spring-Denim-silhouettes-3-592x592.png',3,3),(165,'photo_title_104','photo_cont_104','2018-12-15 12:26:01.000000','2018-12-15 12:26:01.000000','https://s3.amazonaws.com/com.stitchfix.blog/wp-content/uploads/2019/01/17173359/W_BLG_NewYearNewDenim_B3-592x592.jpg',3,3),(166,'photo_title_105','photo_cont_105','2018-12-16 12:26:01.000000','2018-12-16 12:26:01.000000','https://s3.amazonaws.com/com.stitchfix.blog/wp-content/uploads/2019/01/17173409/W_BLG_NewYearNewDenim_B4-592x592.jpg',3,3),(167,'photo_title_106','photo_cont_106','2018-12-17 12:26:01.000000','2018-12-17 12:26:01.000000','https://s3.amazonaws.com/com.stitchfix.blog/wp-content/uploads/2019/02/26130829/2067034-flatten-03b813e6fbca6507884fae088e0b6455-592x592.png',3,3),(168,'photo_title_107','photo_cont_107','2018-12-18 12:26:01.000000','2018-12-18 12:26:01.000000','https://s3.amazonaws.com/com.stitchfix.blog/wp-content/uploads/2019/01/17173420/W_BLG_NewYearNewDenim_B5-592x592.jpg',3,3),(169,'photo_title_108','photo_cont_108','2018-12-19 12:26:01.000000','2018-12-19 12:26:01.000000','https://s3.amazonaws.com/com.stitchfix.blog/wp-content/uploads/2019/01/23100103/18-04-10_Set_2_W_OLD_v9-592x592.jpg',3,3),(170,'photo_title_109','photo_cont_109','2018-12-20 12:26:01.000000','2018-12-20 12:26:01.000000','https://s3.amazonaws.com/com.stitchfix.blog/wp-content/uploads/2019/01/23100125/18-06-19_Set_1_W_OLD_v2-1-592x592.jpg',3,3),(171,'photo_title_110','photo_cont_110','2018-12-21 12:26:01.000000','2018-12-21 12:26:01.000000','https://s3.amazonaws.com/com.stitchfix.blog/wp-content/uploads/2018/12/31154934/19-01-02_Set_1_W_OLD_v4-592x592.jpg',3,3),(172,'photo_title_111','photo_cont_111','2018-12-22 12:26:01.000000','2018-12-22 12:26:01.000000','https://s3.amazonaws.com/com.stitchfix.blog/wp-content/uploads/2018/12/19155112/W_BLG_Jan_Wk1_Month_Of_Outfits_WhiteBkgrnd5-592x592.jpg',3,3),(173,'photo_title_112','photo_cont_112','2018-12-23 12:26:01.000000','2018-12-23 12:26:01.000000','https://s3.amazonaws.com/com.stitchfix.blog/wp-content/uploads/2018/12/19155202/W_BLG_Jan_Wk1_Month_Of_Outfits_WhiteBkgrnd19-592x592.jpg',3,3),(174,'photo_title_113','photo_cont_113','2018-12-24 12:26:01.000000','2018-12-24 12:26:01.000000','https://s3.amazonaws.com/com.stitchfix.blog/wp-content/uploads/2018/12/19155231/W_BLG_Jan_Wk1_Month_Of_Outfits_WhiteBkgrnd23-592x592.jpg',3,3),(175,'photo_title_114','photo_cont_114','2018-12-25 12:26:01.000000','2018-12-25 12:26:01.000000','https://s3.amazonaws.com/com.stitchfix.blog/wp-content/uploads/2018/12/19155240/W_BLG_Jan_Wk1_Month_Of_Outfits_WhiteBkgrnd24-592x592.jpg',3,3),(176,'photo_title_115','photo_cont_115','2018-12-26 12:26:01.000000','2018-12-26 12:26:01.000000','https://s3.amazonaws.com/com.stitchfix.blog/wp-content/uploads/2018/12/19155320/W_BLG_Jan_Wk1_Month_Of_Outfits_WhiteBkgrnd28-592x592.jpg',3,3),(177,'photo_title_116','photo_cont_116','2018-12-27 12:26:01.000000','2018-12-27 12:26:01.000000','https://s3.amazonaws.com/com.stitchfix.blog/wp-content/uploads/2018/11/30135323/18-11-01_Set_1_W_OLD_v4-S-592x592.jpg',3,3),(178,'photo_title_117','photo_cont_117','2018-12-28 12:26:01.000000','2018-12-28 12:26:01.000000','https://s3.amazonaws.com/com.stitchfix.blog/wp-content/uploads/2019/07/31113557/19-05-08_Set_1_W_OLD_v7-1-592x592.jpg',3,3),(179,'photo_title_118','photo_cont_118','2018-12-29 12:26:01.000000','2018-12-29 12:26:01.000000','https://s3.amazonaws.com/com.stitchfix.blog/wp-content/uploads/2019/07/31113750/19-07-01_Set_1_W_OLD_v1_BG-1-592x592.jpg',3,3),(180,'photo_title_119','photo_cont_119','2018-12-30 12:26:01.000000','2018-12-30 12:26:01.000000','https://s3.amazonaws.com/com.stitchfix.blog/wp-content/uploads/2019/07/31113821/19-07-01_Set_4_W_OLD_v1-1-592x592.jpg',3,3),(181,'photo_title_120','photo_cont_120','2018-12-31 12:26:01.000000','2018-12-31 12:26:01.000000','https://s3.amazonaws.com/com.stitchfix.blog/wp-content/uploads/2019/07/31113821/19-07-01_Set_4_W_OLD_v1-1-592x592.jpg',3,3),(182,'photo_title_121','photo_cont_121','2019-01-01 12:26:01.000000','2019-01-01 12:26:01.000000','https://s3.amazonaws.com/com.stitchfix.blog/wp-content/uploads/2019/07/31113557/19-05-08_Set_1_W_OLD_v7-1-592x592.jpg',3,3),(183,'photo_title_122','photo_cont_122','2019-01-02 12:26:01.000000','2019-01-02 12:26:01.000000','https://s3.amazonaws.com/com.stitchfix.blog/wp-content/uploads/2019/07/31113732/19-06-28_Set_1_W_OLD_v5_BG-1-592x592.jpg',3,3),(184,'photo_title_123','photo_cont_123','2019-01-03 12:26:01.000000','2019-01-03 12:26:01.000000','https://s3.amazonaws.com/com.stitchfix.blog/wp-content/uploads/2019/07/31113821/19-07-01_Set_4_W_OLD_v1-1-592x592.jpg',3,3),(185,'photo_title_124','photo_cont_124','2019-01-04 12:26:01.000000','2019-01-04 12:26:01.000000','https://s3.amazonaws.com/com.stitchfix.blog/wp-content/uploads/2019/07/31113902/19-07-01_Set_4_W_OLD_v5_BG-592x592.jpg',3,3),(186,'photo_title_125','photo_cont_125','2019-01-05 12:26:01.000000','2019-01-05 12:26:01.000000','https://s3.amazonaws.com/com.stitchfix.blog/wp-content/uploads/2019/07/31113952/19-07-02_Set_1_W_OLD_v3_BG-592x592.jpg',3,3),(187,'photo_title_126','photo_cont_126','2019-01-06 12:26:01.000000','2019-01-06 12:26:01.000000','https://s3.amazonaws.com/com.stitchfix.blog/wp-content/uploads/2019/05/30104802/19-05-01_Set_1_W_OLD_v1_BG-592x592.jpg',3,3),(188,'photo_title_127','photo_cont_127','2019-01-07 12:26:01.000000','2019-01-07 12:26:01.000000','https://s3.amazonaws.com/com.stitchfix.blog/wp-content/uploads/2019/05/30105002/19-05-08_Set_1_W_OLD_v3_BG-592x592.jpg',3,3),(189,'photo_title_128','photo_cont_128','2019-01-08 12:26:01.000000','2019-01-08 12:26:01.000000','https://s3.amazonaws.com/com.stitchfix.blog/wp-content/uploads/2019/04/30090942/19-04-04_Set_1_W_OLD_v9-592x592.jpg',3,3),(190,'photo_title_129','photo_cont_129','2019-01-09 12:26:01.000000','2019-01-09 12:26:01.000000','https://s3.amazonaws.com/com.stitchfix.blog/wp-content/uploads/2019/04/30091038/19-04-08_Set_1_W_OLD_v4-592x592.jpg',3,3),(191,'photo_title_130','photo_cont_130','2019-01-10 12:26:01.000000','2019-01-10 12:26:01.000000','https://s3.amazonaws.com/com.stitchfix.blog/wp-content/uploads/2019/04/30091047/19-04-08_Set_1_W_OLD_v5-592x592.jpg',3,3),(192,'photo_title_131','photo_cont_131','2019-01-11 12:26:01.000000','2019-01-11 12:26:01.000000','https://s3.amazonaws.com/com.stitchfix.blog/wp-content/uploads/2019/04/30090942/19-04-04_Set_1_W_OLD_v9-592x592.jpg',3,3),(193,'photo_title_132','photo_cont_132','2019-01-12 12:26:01.000000','2019-01-12 12:26:01.000000','https://s3.amazonaws.com/com.stitchfix.blog/wp-content/uploads/2019/04/30091014/19-04-08_Set_1_W_OLD_v3-592x592.jpg',3,3),(194,'photo_title_133','photo_cont_133','2019-01-13 12:26:01.000000','2019-01-13 12:26:01.000000','https://s3.amazonaws.com/com.stitchfix.blog/wp-content/uploads/2016/04/25104820/T4_W19_0010_BLG_Festival-Outfits-for-Every-Style1-592x592.jpg',3,3),(195,'photo_title_134','photo_cont_134','2019-01-14 12:26:01.000000','2019-01-14 12:26:01.000000','https://s3.amazonaws.com/com.stitchfix.blog/wp-content/uploads/2019/02/27114224/19-01-30_Set_2_W_OLD_v3-592x592.jpg',3,3),(196,'photo_title_135','photo_cont_135','2019-01-15 12:26:01.000000','2019-01-15 12:26:01.000000','https://s3.amazonaws.com/com.stitchfix.blog/wp-content/uploads/2019/02/27114249/19-01-31_Set_1_W_OLD_v2-592x592.jpg',3,3),(197,'photo_title_136','photo_cont_136','2019-01-16 12:26:01.000000','2019-01-16 12:26:01.000000','https://s3.amazonaws.com/com.stitchfix.blog/wp-content/uploads/2019/02/27114500/19-02-05_Set_2_W_OLD_v3-592x592.jpg',3,3),(198,'photo_title_137','photo_cont_137','2019-01-17 12:26:01.000000','2019-01-17 12:26:01.000000','https://s3.amazonaws.com/com.stitchfix.blog/wp-content/uploads/2019/02/27114539/19-02-06_Set_2_W_OLD_v1-592x592.jpg',3,3),(199,'photo_title_138','photo_cont_138','2019-01-18 12:26:01.000000','2019-01-18 12:26:01.000000','https://s3.amazonaws.com/com.stitchfix.blog/wp-content/uploads/2019/02/27114736/19-02-07_Set_1_W_OLD_v3-592x592.jpg',3,3),(200,'photo_title_139','photo_cont_139','2019-01-19 12:26:01.000000','2019-01-19 12:26:01.000000','https://s3.amazonaws.com/com.stitchfix.blog/wp-content/uploads/2019/02/27114721/19-02-07_Set_1_W_OLD_v2-592x592.jpg',3,3),(201,'photo_title_140','photo_cont_140','2019-01-20 12:26:01.000000','2019-01-20 12:26:01.000000','https://s3.amazonaws.com/com.stitchfix.blog/wp-content/uploads/2019/02/27114442/19-02-05_Set_2_W_OLD_v2-592x592.jpg',3,3),(202,'photo_title_141','photo_cont_141','2019-01-21 12:26:01.000000','2019-01-21 12:26:01.000000','https://s3.amazonaws.com/com.stitchfix.blog/wp-content/uploads/2019/02/27114342/19-01-31_Set_1_W_OLD_v6-592x592.jpg',3,3),(203,'photo_title_142','photo_cont_142','2019-01-22 12:26:01.000000','2019-01-22 12:26:01.000000','https://s3.amazonaws.com/com.stitchfix.blog/wp-content/uploads/2017/09/05091616/08_09_W_FAL17_EML_CT_Sept-Newsletter_v4_SQ-592x592.jpg',3,3),(204,'photo_title_143','photo_cont_143','2019-01-23 12:26:01.000000','2019-01-23 12:26:01.000000','https://s3.amazonaws.com/com.stitchfix.blog/wp-content/uploads/2017/09/05092103/08_09_W_FAL17_EML_CT_Sept-Newsletter_v7_SQ-592x592.jpg',3,3),(205,'photo_title_144','photo_cont_144','2019-01-24 12:26:01.000000','2019-01-24 12:26:01.000000','https://s3.amazonaws.com/com.stitchfix.blog/wp-content/uploads/2016/07/22111907/denim-592x592.jpg',3,3),(206,'photo_title_145','photo_cont_145','2019-01-25 12:26:01.000000','2019-01-25 12:26:01.000000','https://s3.amazonaws.com/com.stitchfix.blog/wp-content/uploads/2016/04/01202906/01_13_SPR16_Denim-on-Denim_02W2_V1-592x592.jpg',3,3),(207,'photo_title_146','photo_cont_146','2019-01-26 12:26:01.000000','2019-01-26 12:26:01.000000','https://s3.amazonaws.com/com.stitchfix.blog/wp-content/uploads/2016/07/06122005/SUM_Maternity_Style_Diptych_1-592x592.jpg',3,3),(208,'photo_title_147','photo_cont_147','2019-01-27 12:26:01.000000','2019-01-27 12:26:01.000000','https://s3.amazonaws.com/com.stitchfix.blog/wp-content/uploads/2015/07/06192013/06_08_SUM16_Camping-Style_06W4_v5-592x592.jpg',3,3),(209,'photo_title_148','photo_cont_148','2019-01-28 12:26:01.000000','2019-01-28 12:26:01.000000','https://s3.amazonaws.com/com.stitchfix.blog/wp-content/uploads/2019/02/26123446/T4_W19_0135_BLG_Spring-Dresses-Every-Occasion3-592x592.jpg',3,4),(210,'photo_title_149','photo_cont_149','2019-01-29 12:26:01.000000','2019-01-29 12:26:01.000000','https://s3.amazonaws.com/com.stitchfix.blog/wp-content/uploads/2018/12/19155046/W_BLG_Jan_Wk1_Month_Of_Outfits_WhiteBkgrnd2-592x592.jpg',3,4),(211,'photo_title_150','photo_cont_150','2019-01-30 12:26:01.000000','2019-01-30 12:26:01.000000','https://s3.amazonaws.com/com.stitchfix.blog/wp-content/uploads/2018/12/19155055/W_BLG_Jan_Wk1_Month_Of_Outfits_WhiteBkgrnd3-592x592.jpg',3,4),(212,'photo_title_151','photo_cont_151','2019-01-31 12:26:01.000000','2019-01-31 12:26:01.000000','https://s3.amazonaws.com/com.stitchfix.blog/wp-content/uploads/2018/12/19155112/W_BLG_Jan_Wk1_Month_Of_Outfits_WhiteBkgrnd5-592x592.jpg',3,4),(213,'photo_title_152','photo_cont_152','2019-02-01 12:26:01.000000','2019-02-01 12:26:01.000000','https://s3.amazonaws.com/com.stitchfix.blog/wp-content/uploads/2018/12/19155104/W_BLG_Jan_Wk1_Month_Of_Outfits_WhiteBkgrnd4-592x592.jpg',3,4),(214,'photo_title_153','photo_cont_153','2019-02-02 12:26:01.000000','2019-02-02 12:26:01.000000','https://s3.amazonaws.com/com.stitchfix.blog/wp-content/uploads/2018/12/19155122/W_BLG_Jan_Wk1_Month_Of_Outfits_WhiteBkgrnd6-592x592.jpg',3,4),(215,'photo_title_154','photo_cont_154','2019-02-03 12:26:01.000000','2019-02-03 12:26:01.000000','https://s3.amazonaws.com/com.stitchfix.blog/wp-content/uploads/2018/12/19155240/W_BLG_Jan_Wk1_Month_Of_Outfits_WhiteBkgrnd24-592x592.jpg',3,4),(216,'photo_title_155','photo_cont_155','2019-02-04 12:26:01.000000','2019-02-04 12:26:01.000000','https://s3.amazonaws.com/com.stitchfix.blog/wp-content/uploads/2018/12/19155329/W_BLG_Jan_Wk1_Month_Of_Outfits_WhiteBkgrnd29-592x592.jpg',3,4),(217,'photo_title_156','photo_cont_156','2019-02-05 12:26:01.000000','2019-02-05 12:26:01.000000','https://s3.amazonaws.com/com.stitchfix.blog/wp-content/uploads/2018/12/19155320/W_BLG_Jan_Wk1_Month_Of_Outfits_WhiteBkgrnd28-592x592.jpg',3,4),(218,'photo_title_157','photo_cont_157','2019-02-06 12:26:01.000000','2019-02-06 12:26:01.000000','https://s3.amazonaws.com/com.stitchfix.blog/wp-content/uploads/2018/11/30135323/18-11-01_Set_1_W_OLD_v4-S-592x592.jpg',3,4),(219,'photo_title_158','photo_cont_158','2019-02-07 12:26:01.000000','2019-02-07 12:26:01.000000','https://s3.amazonaws.com/com.stitchfix.blog/wp-content/uploads/2018/11/30135311/18-11-01_Set_1_W_OLD_v3-592x592.jpg',3,4),(220,'photo_title_159','photo_cont_159','2019-02-08 12:26:01.000000','2019-02-08 12:26:01.000000','https://s3.amazonaws.com/com.stitchfix.blog/wp-content/uploads/2018/11/30135417/18-11-01_Set_1_W_OLD_v9-S-592x592.jpg',3,4),(221,'photo_title_160','photo_cont_160','2019-02-09 12:26:01.000000','2019-02-09 12:26:01.000000','https://s3.amazonaws.com/com.stitchfix.blog/wp-content/uploads/2018/11/30135407/18-11-01_Set_1_W_OLD_v8-S-592x592.jpg',3,4),(222,'photo_title_161','photo_cont_161','2019-02-10 12:26:01.000000','2019-02-10 12:26:01.000000','https://s3.amazonaws.com/com.stitchfix.blog/wp-content/uploads/2018/11/30135425/18-11-01_Set_1_W_OLD_v10-S-592x592.jpg',3,4),(223,'photo_title_162','photo_cont_162','2019-02-11 12:26:01.000000','2019-02-11 12:26:01.000000','https://s3.amazonaws.com/com.stitchfix.blog/wp-content/uploads/2018/11/30135548/18-11-01_Set_2_W_OLD_v5-S-592x592.jpg',3,4),(224,'photo_title_163','photo_cont_163','2019-02-12 12:26:01.000000','2019-02-12 12:26:01.000000','https://s3.amazonaws.com/com.stitchfix.blog/wp-content/uploads/2018/11/30135609/18-11-01_Set_2_W_OLD_v7-S-592x592.jpg',3,4),(225,'photo_title_164','photo_cont_164','2019-02-13 12:26:01.000000','2019-02-13 12:26:01.000000','https://s3.amazonaws.com/com.stitchfix.blog/wp-content/uploads/2018/11/30135559/18-11-01_Set_2_W_OLD_v6-S-592x592.jpg',3,4),(226,'photo_title_165','photo_cont_165','2019-02-14 12:26:01.000000','2019-02-14 12:26:01.000000','https://s3.amazonaws.com/com.stitchfix.blog/wp-content/uploads/2018/11/30135657/18-11-01_Set_2_W_OLD_v12-S-592x592.jpg',3,4),(227,'photo_title_166','photo_cont_166','2019-02-15 12:26:01.000000','2019-02-15 12:26:01.000000','https://s3.amazonaws.com/com.stitchfix.blog/wp-content/uploads/2018/11/30135645/18-11-01_Set_2_W_OLD_v11-S-592x592.jpg',3,4),(228,'photo_title_167','photo_cont_167','2019-02-16 12:26:01.000000','2019-02-16 12:26:01.000000','https://s3.amazonaws.com/com.stitchfix.blog/wp-content/uploads/2018/11/30135635/18-11-01_Set_2_W_OLD_v9-592x592.jpg',3,4),(229,'photo_title_168','photo_cont_168','2019-02-17 12:26:01.000000','2019-02-17 12:26:01.000000','https://s3.amazonaws.com/com.stitchfix.blog/wp-content/uploads/2018/10/18135213/BLG_NovMOO_white_3-592x592.jpg',3,4),(230,'photo_title_169','photo_cont_169','2019-02-18 12:26:01.000000','2019-02-18 12:26:01.000000','https://s3.amazonaws.com/com.stitchfix.blog/wp-content/uploads/2018/10/18135232/BLG_NovMOO_white_5-592x592.jpg',3,4),(231,'photo_title_170','photo_cont_170','2019-02-19 12:26:01.000000','2019-02-19 12:26:01.000000','https://s3.amazonaws.com/com.stitchfix.blog/wp-content/uploads/2018/10/18135333/BLG_NovMOO_white_11-592x592.jpg',3,4),(232,'photo_title_171','photo_cont_171','2019-02-20 12:26:01.000000','2019-02-20 12:26:01.000000','https://s3.amazonaws.com/com.stitchfix.blog/wp-content/uploads/2018/10/18135341/BLG_NovMOO_white_12-592x592.jpg',3,4),(233,'photo_title_172','photo_cont_172','2019-02-21 12:26:01.000000','2019-02-21 12:26:01.000000','https://s3.amazonaws.com/com.stitchfix.blog/wp-content/uploads/2018/10/18135424/BLG_NovMOO_white_18-592x592.jpg',3,4),(234,'photo_title_173','photo_cont_173','2019-02-22 12:26:01.000000','2019-02-22 12:26:01.000000','https://s3.amazonaws.com/com.stitchfix.blog/wp-content/uploads/2018/10/18135616/BLG_NovMOO_white_30-592x592.jpg',3,4),(235,'photo_title_174','photo_cont_174','2019-02-23 12:26:01.000000','2019-02-23 12:26:01.000000','https://s3.amazonaws.com/com.stitchfix.blog/wp-content/uploads/2018/09/27155540/W_BLG_OctMonthofOutfits_w4-592x592.jpg',3,4),(236,'photo_title_175','photo_cont_175','2019-02-24 12:26:01.000000','2019-02-24 12:26:01.000000','https://s3.amazonaws.com/com.stitchfix.blog/wp-content/uploads/2018/09/27155532/W_BLG_OctMonthofOutfits_w3-592x592.jpg',3,4),(237,'photo_title_176','photo_cont_176','2019-02-25 12:26:01.000000','2019-02-25 12:26:01.000000','https://s3.amazonaws.com/com.stitchfix.blog/wp-content/uploads/2018/09/27155604/W_BLG_OctMonthofOutfits_w7-592x592.jpg',3,4),(238,'photo_title_177','photo_cont_177','2019-02-26 12:26:01.000000','2019-02-26 12:26:01.000000','https://s3.amazonaws.com/com.stitchfix.blog/wp-content/uploads/2018/09/27155611/W_BLG_OctMonthofOutfits_w8-592x592.jpg',3,4),(239,'photo_title_178','photo_cont_178','2019-02-27 12:26:01.000000','2019-02-27 12:26:01.000000','https://s3.amazonaws.com/com.stitchfix.blog/wp-content/uploads/2018/09/27155645/W_BLG_OctMonthofOutfits_w12-592x592.jpg',3,4),(240,'photo_title_179','photo_cont_179','2019-02-28 12:26:01.000000','2019-02-28 12:26:01.000000','https://s3.amazonaws.com/com.stitchfix.blog/wp-content/uploads/2018/09/27155707/W_BLG_OctMonthofOutfits_w15-592x592.jpg',3,4),(241,'photo_title_180','photo_cont_180','2019-03-01 12:26:01.000000','2019-03-01 12:26:01.000000','https://s3.amazonaws.com/com.stitchfix.blog/wp-content/uploads/2018/09/27155747/W_BLG_OctMonthofOutfits_w20-592x592.jpg',3,4),(242,'photo_title_181','photo_cont_181','2019-03-02 12:26:01.000000','2019-03-02 12:26:01.000000','https://s3.amazonaws.com/com.stitchfix.blog/wp-content/uploads/2018/09/27155810/W_BLG_OctMonthofOutfits_w23-592x592.jpg',3,4),(243,'photo_title_182','photo_cont_182','2019-03-03 12:26:01.000000','2019-03-03 12:26:01.000000','https://s3.amazonaws.com/com.stitchfix.blog/wp-content/uploads/2018/09/27155828/W_BLG_OctMonthofOutfits_w25-592x592.jpg',3,4),(244,'photo_title_183','photo_cont_183','2019-03-04 12:26:01.000000','2019-03-04 12:26:01.000000','https://s3.amazonaws.com/com.stitchfix.blog/wp-content/uploads/2018/09/27155858/W_BLG_OctMonthofOutfits_w29-592x592.jpg',3,4),(245,'photo_title_184','photo_cont_184','2019-03-05 12:26:01.000000','2019-03-05 12:26:01.000000','https://s3.amazonaws.com/com.stitchfix.blog/wp-content/uploads/2017/10/26094002/Oct-03-2017_Set_2_W_OLD_v5_PR1-592x592.jpg',3,4),(246,'photo_title_185','photo_cont_185','2019-03-06 12:26:01.000000','2019-03-06 12:26:01.000000','https://s3.amazonaws.com/com.stitchfix.blog/wp-content/uploads/2017/09/05091728/08_09_W_FAL17_EML_CT_Sept-Newsletter_v5_SQ-592x592.jpg',3,4),(247,'photo_title_186','photo_cont_186','2019-03-07 12:26:01.000000','2019-03-07 12:26:01.000000','https://s3.amazonaws.com/com.stitchfix.blog/wp-content/uploads/2017/09/05091816/08_09_W_FAL17_EML_CT_Sept-Newsletter_v6_SQ-592x592.jpg',3,4),(248,'photo_title_187','photo_cont_187','2019-03-08 12:26:01.000000','2019-03-08 12:26:01.000000','https://s3.amazonaws.com/com.stitchfix.blog/wp-content/uploads/2017/12/18134514/W_BLG_HOL17_How-To-Pick-the-Perfect-Date-Outfit_SQ-592x592.jpg',3,4),(249,'photo_title_188','photo_cont_188','2019-03-09 12:26:01.000000','2019-03-09 12:26:01.000000','https://s3.amazonaws.com/com.stitchfix.blog/wp-content/uploads/2017/03/20142539/02_07_W_03W4_ADS_SPR17_CT_5-Ways-To-Wear-Cargo-Vests_v4_SQ-592x592.jpg',3,4),(250,'photo_title_189','photo_cont_189','2019-03-10 12:26:01.000000','2019-03-10 12:26:01.000000','https://s3.amazonaws.com/com.stitchfix.blog/wp-content/uploads/2017/03/20092039/02_07_W_03W4_EML_SPR17_Your-Definitive-Guide-To-Brunching-In-Style_v6_0128_SQ-592x592.jpg',3,4),(251,'photo_title_190','photo_cont_190','2019-03-11 12:26:01.000000','2019-03-11 12:26:01.000000','https://s3.amazonaws.com/com.stitchfix.blog/wp-content/uploads/2016/04/01202906/01_13_SPR16_Denim-on-Denim_02W2_V1-592x592.jpg',3,4),(252,'photo_title_191','photo_cont_191','2019-03-12 12:26:01.000000','2019-03-12 12:26:01.000000','https://s3.amazonaws.com/com.stitchfix.blog/wp-content/uploads/2016/02/22053252/02_03_SPR16_1Piece-3Ways-White-Blazer_02W4_v1-592x592.jpg',3,4),(253,'photo_title_192','photo_cont_192','2019-03-13 12:26:01.000000','2019-03-13 12:26:01.000000','https://s3.amazonaws.com/com.stitchfix.blog/wp-content/uploads/2016/06/14161729/verasweeney-592x592.jpg',3,4),(254,'photo_title_193','photo_cont_193','2019-03-14 12:26:01.000000','2019-03-14 12:26:01.000000','https://s3.amazonaws.com/com.stitchfix.blog/wp-content/uploads/2016/04/04230614/SPR16April_Blog-_CutOuts_03-Wk-04_SQ-09-592x592.jpg',3,4),(255,'photo_title_194','photo_cont_194','2019-03-15 12:26:01.000000','2019-03-15 12:26:01.000000','https://s3.amazonaws.com/com.stitchfix.blog/wp-content/uploads/2016/03/15175423/02_10_SPR16_Brunch_03W1_v1_0024_Portrait-592x592.jpg',3,4),(256,'photo_title_195','photo_cont_195','2019-03-16 12:26:01.000000','2019-03-16 12:26:01.000000','https://s3.amazonaws.com/com.stitchfix.blog/wp-content/uploads/2016/02/12195748/01_20_SPR16_StitchFix-Spring_02W3_0426_sq-592x592.jpg',3,4),(257,'photo_title_196','photo_cont_196','2019-03-17 12:26:01.000000','2019-03-17 12:26:01.000000','https://s3.amazonaws.com/com.stitchfix.blog/wp-content/uploads/2016/02/12194710/01_20_SPR16_How-To-Wear-Blazers_02W3_0111_sq-592x592.jpg',3,4),(300,'이번 여름에 꼭 입어볼 원피스 리스트','[\"뛰어 다니다가, 매우 정의 : \"이동하거나, 활발한 쉽거나 장난 방식으로 진행,\"여름 태양에 평온한 재미의 이미지를 연상시킨다. 그것은 장난 꾸러기 시즌의 가장 편리하고 다양한 스테이플 중 하나가 될 것을 다음 놀랄 없습니다. 당신은 짧은 반바지 버전이나, 긴 장착 또는 flowy 뭔가를 스포츠 찾고하든, 우리는 당신의 침착 박수를 보낸다. 용서와 아첨 세련되고 편안하고,이 한 조각의 경이로움은 쉽게 옷을 입고 또는 아래로 할 수있다. 그리고, 이번 시즌 트렌드 인상적인 실루엣, 대담한 프린트와 화려한 색상의 무리와 스타일의 고유 한 감각을 맞는 일이있을 될거에요.\n\n\",\"편안 & CASUAL\n이번 여름의 간단한 실루엣을 만나보십시오. 한 - 조각 (바닥에 정상 일치에 대해 걱정하지 마십시오) 쉽게 옷을 입고지고 있습니다. 누가 당신이 지문을 혼합 할 수 없습니다라고? 우리는이 꽃 tennies는 장난 꾸러기의 정복 줄무늬에 추가 색상의 팝업을 사랑 해요. 활기찬 단계.\",\"우아한 & 상승\n노치 모습을 차지합니다. 연인 컷 네크 라인과 핀턱 (pin tuck) 주름 위로 위로 가기 flowy 바닥을 균형. 고전적인 재킷 아래를 레이어 눈에 띄는 색상과 금속 후프 귀걸이에 누적 발 뒤꿈치를 추가, 당신은 마을에있는 밤을위한 준비가 된 것입니다.\",\"https://s3.amazonaws.com/com.stitchfix.blog/wp-content/uploads/2019/07/09142517/T3_W19_BLG_How-to-Wear-One-Pieces_3572803505_1.jpg\",\"https://s3.amazonaws.com/com.stitchfix.blog/wp-content/uploads/2019/07/09142532/T3_W19_BLG_How-to-Wear-One-Pieces_3572803505_2.jpg\"]','2019-09-03 12:26:01.000000','2019-09-03 12:26:01.000000','\"\"',1,1),(301,'당신의 체형에 맞는 반바지 스타일링','[\"반바지 여름 옷장의 영웅이다. 그들은 옷 아래, 끝없는 의상 콤보를위한 이동-에 여름 구원자-쉬운 주식입니다 수 있습니다. 그러나, 이제 모든 반바지가 평등하게 창조, 실제하자. 당신의 그림 아첨하는 가장 반바지 411를 얻고 당신의 스타일에 맞게.\",\"PRINTED 반바지\n귀하의 반바지는 도보 수 있지만 이야기를 이야기 할 수 있습니까? 찾아 즐거운 대화-시작하는 패턴 쌍을보십시오. 인쇄 반바지는 어떤 모습을 띠게 수있는 좋은 방법입니다. 우리는 우리의 몸집이 작은 여자들-지문이 맞는 추천은 항상 관심을 끌기, 그래서 그들을 수 있도록 할 것입니다.\n\n스타일리스트 팁 : 여름 재미 비명 스타일에 비슷한 컬러 팔레트와 패턴을 혼합 해보십시오.\",\"리넨 반바지\n다리를 린넨 반바지 한 쌍의 숨을 쉴 수있는 여지를 제공합니다. 는 A 라인 넥타이 허리,이 한 쌍처럼 운동 선수 또는 사과 모양을 위해 중대하다. 다리가 길어 보이게됩니다 색상 - 더 브라이트와 중립국의 대조 팝 이러한 쉬운 미풍 반바지를 페어링 해보십시오.\",\"https://s3.amazonaws.com/com.stitchfix.blog/wp-content/uploads/2018/06/03152402/T3_W19_BLG_A-Short-Story-Shorts-Outfits_347147209.jpg\",\"https://s3.amazonaws.com/com.stitchfix.blog/wp-content/uploads/2018/06/03152414/T3_W19_BLG_A-Short-Story-Shorts-Outfits_3471472092.jpg\"]','2019-09-03 12:26:01.000000','2019-09-03 12:26:01.000000','\"\"',1,2),(302,'에피소드 6 : 슈퍼보스','[\"시즌 피날레는 \'A 보스처럼\'을 언니에 대한 송시입니다. 알레 샤 딕슨과 그녀의 손님 임금 격차, 사기꾼 증후군 그들이 자신의 어린 자아에 따라서 통과하려는 경력 팁에 대한 자신의 견해를 공유 할 수 있습니다. 패널은 바로 우리 자신의 카트리나 호수, 스티치 수정의 CEO 및 주식 시장에 회사를 나열하는 역사상 최연소 여성을 포함한다; 요리사, 음식점, 저자 및 아유르베 옹호 베스트셀러, 재스민 헴슬리; 와 환호 작가, 언론인 및 안티 완벽 프로젝트, \'일, 일, 일\', 캐서린 Ormerod의 설립자.\",\"손님을 충족\n카트리나 호수\n@klaker\n\n카트리나 호수 스티치 수정의 설립자이자 CEO이다. 그녀는 하버드 비즈니스 스쿨에서 공부하면서 8 년 이상 전에 스티치 수정하기 시작했다. 그녀는 지금까지 그녀는 포춘의 40 ~ 40, 베니 티 페어의 신설과 마리 클레어의 새로운 가드에 소개 된 34 세의 나이에 2017 년 기업 공개를 취할 젊은 여성이었다.\n\n재스민 헴슬리\n@jasminehemsley\n\n재스민 헴슬리는 베스트셀러 저자, 요리 및 TV 발표자입니다. 재스민 카페 셀프 단지 세 번째 생일을 축하 헴슬리 + 헴슬리의 창시자로 웰빙 세계에 전파했다. 지속 가능한 패션에 대한 그녀의 사랑과 열정 잘 알려진 \'웨스트 이스트 : 궁극적 인 마인드 - 바디 밸런스에 대한 간단한 조리법,\'재스민의 세 번째 솔로 요리 책 아유르베 다의 고대 철학을 기반으로, 올해의 웰빙 책을 수상했다.\n\n캐서린 Ormerod\n@katherine_ormerod\n\n일요일 시간 후 정상 여성 제목, 매력과 그라 지아에서 일했다 위해 캐서린 Ormerod는 기자로 그녀의 경력을 시작했다. 그녀는 최근 자신의 컨설팅 사업, 패션 콘텐츠 진흥원를 시작하고, 안티 완벽 프로젝트, \'일, 일, 일\'을 설립합니다. 작년에 그녀는 그녀의 데뷔 책을 출판 \'소셜 미디어가 당신의 인생을 망칠 이유\'에있는 오프라인 사이에서 적절한 균형을 옹호.\",\"\",\"https://s3.amazonaws.com/com.stitchfix.blog/wp-content/uploads/2017/06/27135519/282A6251.jpg\",\" \"]','2019-09-03 12:26:01.000000','2019-09-03 12:26:01.000000','\"\"',2,3),(303,'반바지가 싫으시다구요? 긴바지가 있습니다!','[\"당신의 GAMS를 드러내는 것은 당신의 마음에 드는 여름 패션의 이동이 아닌 경우, 우리는 완벽한 게임 체인저가 있습니다. 여름 바지에 슬립. 당신이 자른 스타일, 발목 길이의 디자인이나 넓은 다리 모양을 자랑하고 있는지 편안하고 트렌디 한, 경량, 다재다능한 좋아하는 당신에게 다리를 위로 줄 것이다. 우리는 장난 패턴, 창백한 팔레트 및 통풍의 무리 사랑하고 직물을-일부는 부드럽고 충분한 flowy이 잠옷 (시즌 더 편안한 분위기를 보완하기 위해 단지 것) 같은 느낌입니다.\",\"길이를 여성스러운로 이동\n카프리, 페달 푸셔, 조개 파기 - 당신이 무엇을 호출 할 그들-이 여름 바지 더운 날씨에 대한 완벽한 호일입니다. 다만 발목 위에 있지만, 일반적으로 잘 무릎 아래에 명중, 길이는 프레임을 단축하는 경향이있다. 긴 줄을 만들 수 있도록, 간단한, 직선 다리 버전과 함께 할 것입니다. 비슷한 톤에서 자리 잡고-에서 위쪽의 벨트 띠는 깨끗하고 중단없는 실루엣을 만듭니다. 자른 옷자락은, 그렇지 않으면 당신의 신발 - 공상 또는를 표시 할 수 있습니다.\",\"형태는 기능을 준수합니다\n90 년대의 패션 좋아하는 (실용적인 패치 포켓과 전투 분위기와)화물 바지는 복귀를하고있다; 다행히도, 높은 허리와 슬림 한 실루엣이 시간. 당신이 그 시대의 소녀 밴드에 경의를하려면, 작물의 상단과 두툼한 운동화는 당신이 필요로하는 모든입니다. 이러한 경향은 일반적으로 더 캐주얼 외모에 빌려 준다 동안, 우리는 당신의 고양이 발 뒤꿈치를 걷어차 고 야간에 시내 실크 블라우스에 미끄러 말한다.\",\"https://s3.amazonaws.com/com.stitchfix.blog/wp-content/uploads/2017/05/09143346/T3_W19_BLG_Dont-Love-Shorts-Meet-the-Summer-Pant_357269438-1.jpg\",\"https://s3.amazonaws.com/com.stitchfix.blog/wp-content/uploads/2017/05/09143357/T3_W19_BLG_Dont-Love-Shorts-Meet-the-Summer-Pant_357269438-2.jpg\"]','2019-09-03 12:26:01.000000','2019-09-03 12:26:01.000000','\"\"',1,1),(304,'위코디 스타일리스트가 추천하는 2019년 가을 스타일','[\"가을처럼 많이 느끼기 시작합니다. 우리의 전문 스타일링 팀에서 팁을 사용하여 옷장에 약간의 양념을 추가하고 당겨 함께 당신이 긴 모든 시즌을 착용하는 사랑 할거야 보인다. 당신이로하든 고전 가을 즐겨 찾기, 굵은 문 조각 그렇지 않으면 .. - 실패하거나 새로운 트렌드를 통합하는 방법에 대한 내부 특종을 원하는, 우리는 당신의 요구를 충족하기 위해 스타일 솔루션을 가지고있다. 우리의 가을 즐겨 찾기에서 영감을 얻을 계속 읽기.\",\"스타일링 팀 SUPERVISOR, TALLEDA R.\n하나 개의 굵은 문 조각은 모든 의상은 이번 시즌을 필요로 무엇입니까?\n문 보석 복귀를하고있다, 그것은 매우 대담. 체인 링크, 술 목걸이 나 귀걸이, 라인 스톤 디테일과 일치하지 않는 금속을 생각하십시오.\n당신의 이동 -에, 주식 가을 조각의 스타일을 좋아하는 방법은 무엇입니까?\n아일렛 레이스는 항상 그들은 쉽게 레이어의 도움으로 전환 할 수 및 많은 다른 방법으로 스타일 수 있기 때문에 스테이플 가을. 데님 재킷과 갈색 옷과 구멍 드레스를 시도하거나 쾌감의 외부로 밀어보고를위한 맞춤형 재킷과 전투 부츠와 함께 이동합니다.\",\"스타일링 팀을 이끌고, 브리트니 W.\n당신은 이번 시즌 자신의 수정에 클라이언트를 보내 가장 흥분 무엇입니까?\n\n내 고객의 대부분은 추운 개월에 걸쳐 레깅스에 살고, 그래서 나는 바지 - 윈 - 윈의 무게와 구조 레깅스의 편안함과 기능성을 가진 두꺼운 다리 바지, 그들을 소개 사랑!\n\n당신의 이동 -에, 주식 가을 조각의 스타일을 좋아하는 방법은 무엇입니까?\n\n내 가을의 주식은 내가 제일 좋아하는 skinnies, 반에 자리 잡고 티로 중 하나를 착용하고 슬립에 노새 또는 시프트 드레스, 불투명 스타킹과 옷과 사랑 아늑한 가디건입니다.\",\"https://s3.amazonaws.com/com.stitchfix.blog/wp-content/uploads/2016/10/30114138/T3_W20_BLG_Stylists-Favorite-Fall-Trends_382575736_01.jpg\",\"https://s3.amazonaws.com/com.stitchfix.blog/wp-content/uploads/2016/10/30114149/T3_W20_BLG_Stylists-Favorite-Fall-Trends_382575736_02.jpg\"]','2019-09-03 12:26:01.000000','2019-09-03 12:26:01.000000','\"\"',2,2);
/*!40000 ALTER TABLE `Article` ENABLE KEYS */;
UNLOCK TABLES;

--
-- Table structure for table `ArticleCategory`
--

DROP TABLE IF EXISTS `ArticleCategory`;
/*!40101 SET @saved_cs_client     = @@character_set_client */;
/*!40101 SET character_set_client = utf8 */;
CREATE TABLE `ArticleCategory` (
  `id` int(11) NOT NULL AUTO_INCREMENT,
  `name` varchar(50) NOT NULL,
  PRIMARY KEY (`id`)
) ENGINE=InnoDB AUTO_INCREMENT=4 DEFAULT CHARSET=utf8;
/*!40101 SET character_set_client = @saved_cs_client */;

--
-- Dumping data for table `ArticleCategory`
--

LOCK TABLES `ArticleCategory` WRITE;
/*!40000 ALTER TABLE `ArticleCategory` DISABLE KEYS */;
INSERT INTO `ArticleCategory` VALUES (1,'Fashion Tip'),(2,'Inside Wecodi'),(3,'photo');
/*!40000 ALTER TABLE `ArticleCategory` ENABLE KEYS */;
UNLOCK TABLES;

--
-- Table structure for table `Comment`
--

DROP TABLE IF EXISTS `Comment`;
/*!40101 SET @saved_cs_client     = @@character_set_client */;
/*!40101 SET character_set_client = utf8 */;
CREATE TABLE `Comment` (
  `id` int(11) NOT NULL AUTO_INCREMENT,
  `comment` longtext NOT NULL,
  `deleted` tinyint(1) DEFAULT NULL,
  `created_at` datetime(6) NOT NULL,
  `updated_at` datetime(6) NOT NULL,
  `articlemodel_id` int(11) NOT NULL,
  `users_id` int(11) NOT NULL,
  PRIMARY KEY (`id`),
  KEY `Comment_articlemodel_id_c1d03c49_fk_Article_id` (`articlemodel_id`),
  KEY `Comment_users_id_86331a40_fk_user_id` (`users_id`),
  CONSTRAINT `Comment_articlemodel_id_c1d03c49_fk_Article_id` FOREIGN KEY (`articlemodel_id`) REFERENCES `Article` (`id`),
  CONSTRAINT `Comment_users_id_86331a40_fk_user_id` FOREIGN KEY (`users_id`) REFERENCES `user` (`id`)
) ENGINE=InnoDB AUTO_INCREMENT=32 DEFAULT CHARSET=utf8;
/*!40101 SET character_set_client = @saved_cs_client */;

--
-- Dumping data for table `Comment`
--

LOCK TABLES `Comment` WRITE;
/*!40000 ALTER TABLE `Comment` DISABLE KEYS */;
INSERT INTO `Comment` VALUES (1,'안녕하세요1',0,'2019-09-03 12:26:01.000000','2019-09-03 12:26:01.000000',1,1),(2,'안녕하세요2',0,'2019-09-03 12:26:01.000000','2019-09-03 12:26:01.000000',2,2),(3,'안녕하세요3',0,'2019-09-03 12:26:01.000000','2019-09-03 12:26:01.000000',3,3),(4,'안녕하세요4',0,'2019-09-03 12:26:01.000000','2019-09-03 12:26:01.000000',4,4),(5,'안녕하세요5',0,'2019-09-03 12:26:01.000000','2019-09-03 12:26:01.000000',5,5),(6,'안녕하세요6',0,'2019-09-03 12:26:01.000000','2019-09-03 12:26:01.000000',1,6),(7,'안녕하세요7',0,'2019-09-03 12:26:01.000000','2019-09-03 12:26:01.000000',2,7),(8,'안녕하세요8',0,'2019-09-03 12:26:01.000000','2019-09-03 12:26:01.000000',3,8),(9,'안녕하세요9',0,'2019-09-03 12:26:01.000000','2019-09-03 12:26:01.000000',4,9),(10,'안녕하세요10',0,'2019-09-03 12:26:01.000000','2019-09-03 12:26:01.000000',5,10),(11,'안녕하세요1',0,'2019-09-03 12:26:01.000000','2019-09-03 12:26:01.000000',1,1),(12,'안녕하세요2',0,'2019-09-03 12:26:01.000000','2019-09-03 12:26:01.000000',2,2),(13,'안녕하세요3',0,'2019-09-03 12:26:01.000000','2019-09-03 12:26:01.000000',3,3),(14,'안녕하세요4',0,'2019-09-03 12:26:01.000000','2019-09-03 12:26:01.000000',4,4),(15,'안녕하세요5',0,'2019-09-03 12:26:01.000000','2019-09-03 12:26:01.000000',5,5),(16,'안녕하세요6',0,'2019-09-03 12:26:01.000000','2019-09-03 12:26:01.000000',1,6),(17,'안녕하세요7',0,'2019-09-03 12:26:01.000000','2019-09-03 12:26:01.000000',2,7),(18,'안녕하세요8',0,'2019-09-03 12:26:01.000000','2019-09-03 12:26:01.000000',3,8),(19,'안녕하세요9',0,'2019-09-03 12:26:01.000000','2019-09-03 12:26:01.000000',4,9),(20,'안녕하세요10',0,'2019-09-03 12:26:01.000000','2019-09-03 12:26:01.000000',5,10);
/*!40000 ALTER TABLE `Comment` ENABLE KEYS */;
UNLOCK TABLES;

--
-- Table structure for table `Heart`
--

DROP TABLE IF EXISTS `Heart`;
/*!40101 SET @saved_cs_client     = @@character_set_client */;
/*!40101 SET character_set_client = utf8 */;
CREATE TABLE `Heart` (
  `id` int(11) NOT NULL AUTO_INCREMENT,
  `created_at` datetime(6) NOT NULL,
  `articlemodel_id` int(11) NOT NULL,
  `users_id` int(11) NOT NULL,
  PRIMARY KEY (`id`),
  KEY `Heart_articlemodel_id_1f56c452_fk_Article_id` (`articlemodel_id`),
  KEY `Heart_users_id_c75aa1e7_fk_user_id` (`users_id`),
  CONSTRAINT `Heart_articlemodel_id_1f56c452_fk_Article_id` FOREIGN KEY (`articlemodel_id`) REFERENCES `Article` (`id`),
  CONSTRAINT `Heart_users_id_c75aa1e7_fk_user_id` FOREIGN KEY (`users_id`) REFERENCES `user` (`id`)
) ENGINE=InnoDB AUTO_INCREMENT=22 DEFAULT CHARSET=utf8;
/*!40101 SET character_set_client = @saved_cs_client */;

--
-- Dumping data for table `Heart`
--

LOCK TABLES `Heart` WRITE;
/*!40000 ALTER TABLE `Heart` DISABLE KEYS */;
INSERT INTO `Heart` VALUES (1,'2019-09-03 12:26:01.000000',1,1),(2,'2019-09-03 12:26:01.000000',1,2),(3,'2019-09-03 12:26:01.000000',1,3),(4,'2019-09-03 12:26:01.000000',1,4),(5,'2019-09-03 12:26:01.000000',1,5),(6,'2019-09-03 12:26:01.000000',2,6),(7,'2019-09-03 12:26:01.000000',2,7),(8,'2019-09-03 12:26:01.000000',2,8),(9,'2019-09-03 12:26:01.000000',2,9),(10,'2019-09-03 12:26:01.000000',2,10),(11,'2019-09-03 12:26:01.000000',3,1),(12,'2019-09-03 12:26:01.000000',3,2),(13,'2019-09-03 12:26:01.000000',3,3),(14,'2019-09-03 12:26:01.000000',3,4),(15,'2019-09-03 12:26:01.000000',3,5),(16,'2019-09-03 12:26:01.000000',3,6),(17,'2019-09-03 12:26:01.000000',3,7),(18,'2019-09-03 12:26:01.000000',3,8),(19,'2019-09-03 12:26:01.000000',3,9);
/*!40000 ALTER TABLE `Heart` ENABLE KEYS */;
UNLOCK TABLES;

--
-- Table structure for table `Styletag`
--

DROP TABLE IF EXISTS `Styletag`;
/*!40101 SET @saved_cs_client     = @@character_set_client */;
/*!40101 SET character_set_client = utf8 */;
CREATE TABLE `Styletag` (
  `id` int(11) NOT NULL AUTO_INCREMENT,
  `name` varchar(50) NOT NULL,
  PRIMARY KEY (`id`)
) ENGINE=InnoDB AUTO_INCREMENT=5 DEFAULT CHARSET=utf8;
/*!40101 SET character_set_client = @saved_cs_client */;

--
-- Dumping data for table `Styletag`
--

LOCK TABLES `Styletag` WRITE;
/*!40000 ALTER TABLE `Styletag` DISABLE KEYS */;
INSERT INTO `Styletag` VALUES (1,'SUMMER-OUTFITS'),(2,'CASUAL'),(3,'DENIM'),(4,'DATE');
/*!40000 ALTER TABLE `Styletag` ENABLE KEYS */;
UNLOCK TABLES;

--
-- Table structure for table `django_content_type`
--

DROP TABLE IF EXISTS `django_content_type`;
/*!40101 SET @saved_cs_client     = @@character_set_client */;
/*!40101 SET character_set_client = utf8 */;
CREATE TABLE `django_content_type` (
  `id` int(11) NOT NULL AUTO_INCREMENT,
  `app_label` varchar(100) NOT NULL,
  `model` varchar(100) NOT NULL,
  PRIMARY KEY (`id`),
  UNIQUE KEY `django_content_type_app_label_model_76bd3d3b_uniq` (`app_label`,`model`)
) ENGINE=InnoDB AUTO_INCREMENT=9 DEFAULT CHARSET=utf8;
/*!40101 SET character_set_client = @saved_cs_client */;

--
-- Dumping data for table `django_content_type`
--

LOCK TABLES `django_content_type` WRITE;
/*!40000 ALTER TABLE `django_content_type` DISABLE KEYS */;
INSERT INTO `django_content_type` VALUES (3,'article','articlecategory'),(4,'article','articlemodel'),(6,'article','heartcheck'),(5,'article','styletag'),(8,'comment','commentmodel'),(1,'contenttypes','contenttype'),(2,'sessions','session'),(7,'user','users');
/*!40000 ALTER TABLE `django_content_type` ENABLE KEYS */;
UNLOCK TABLES;

--
-- Table structure for table `django_migrations`
--

DROP TABLE IF EXISTS `django_migrations`;
/*!40101 SET @saved_cs_client     = @@character_set_client */;
/*!40101 SET character_set_client = utf8 */;
CREATE TABLE `django_migrations` (
  `id` int(11) NOT NULL AUTO_INCREMENT,
  `app` varchar(255) NOT NULL,
  `name` varchar(255) NOT NULL,
  `applied` datetime(6) NOT NULL,
  PRIMARY KEY (`id`)
) ENGINE=InnoDB AUTO_INCREMENT=7 DEFAULT CHARSET=utf8;
/*!40101 SET character_set_client = @saved_cs_client */;

--
-- Dumping data for table `django_migrations`
--

LOCK TABLES `django_migrations` WRITE;
/*!40000 ALTER TABLE `django_migrations` DISABLE KEYS */;
INSERT INTO `django_migrations` VALUES (1,'user','0001_initial','2019-09-08 03:54:39.920100'),(2,'article','0001_initial','2019-09-08 03:54:40.150020'),(3,'comment','0001_initial','2019-09-08 03:54:40.376633'),(4,'contenttypes','0001_initial','2019-09-08 03:54:40.500225'),(5,'contenttypes','0002_remove_content_type_name','2019-09-08 03:54:40.589349'),(6,'sessions','0001_initial','2019-09-08 03:54:40.613802');
/*!40000 ALTER TABLE `django_migrations` ENABLE KEYS */;
UNLOCK TABLES;

--
-- Table structure for table `django_session`
--

DROP TABLE IF EXISTS `django_session`;
/*!40101 SET @saved_cs_client     = @@character_set_client */;
/*!40101 SET character_set_client = utf8 */;
CREATE TABLE `django_session` (
  `session_key` varchar(40) NOT NULL,
  `session_data` longtext NOT NULL,
  `expire_date` datetime(6) NOT NULL,
  PRIMARY KEY (`session_key`),
  KEY `django_session_expire_date_a5c62663` (`expire_date`)
) ENGINE=InnoDB DEFAULT CHARSET=utf8;
/*!40101 SET character_set_client = @saved_cs_client */;

--
-- Dumping data for table `django_session`
--

LOCK TABLES `django_session` WRITE;
/*!40000 ALTER TABLE `django_session` DISABLE KEYS */;
/*!40000 ALTER TABLE `django_session` ENABLE KEYS */;
UNLOCK TABLES;

--
-- Table structure for table `user`
--

DROP TABLE IF EXISTS `user`;
/*!40101 SET @saved_cs_client     = @@character_set_client */;
/*!40101 SET character_set_client = utf8 */;
CREATE TABLE `user` (
  `id` int(11) NOT NULL AUTO_INCREMENT,
  `first_name` varchar(40) NOT NULL,
  `last_name` varchar(50) NOT NULL,
  `email` varchar(100) NOT NULL,
  `password` varchar(200) NOT NULL,
  `created_at` datetime(6) NOT NULL,
  `updated_at` datetime(6) NOT NULL,
  PRIMARY KEY (`id`),
  UNIQUE KEY `email` (`email`)
) ENGINE=InnoDB AUTO_INCREMENT=32 DEFAULT CHARSET=utf8;
/*!40101 SET character_set_client = @saved_cs_client */;

--
-- Dumping data for table `user`
--

LOCK TABLES `user` WRITE;
/*!40000 ALTER TABLE `user` DISABLE KEYS */;
INSERT INTO `user` VALUES (1,'barum','han','barum@gmail.com','$2b$12$KzHq3xenGFR5H7btX4bI4eaTF3dl1tp8VoA7BYaczArnT/hlGlvtC','2019-09-08 04:15:56.733269','2019-09-08 04:15:56.733334'),(2,'barum','han','barum@gmail.com1','$2b$12$nyfguP8JZhz0g8nzYRxrtOcwVEkxWnyHHvybsJFPxnRByy1jzkB9K','2019-09-08 11:00:33.415220','2019-09-08 11:00:33.415463'),(3,'barum','han','barum@gmail.com2','$2b$12$qZM.mXbVaXH96tC6b9aLWeZoUigcak.rBVfb1D5e0jP/QcW3Q3.dK','2019-09-08 11:00:36.381431','2019-09-08 11:00:36.381481'),(4,'barum','han','barum@gmail.com3','$2b$12$FWYdoTVj9ZJAjACfBq72F.aEKpnGfUzqiVcTsj/Tq3isyhp2MZNUO','2019-09-08 11:00:38.608181','2019-09-08 11:00:38.608295'),(5,'barum','han','barum@gmail.com4','$2b$12$jDMwTDEvyvo1sGKvEcI9yubZYZ/iGeQ6.9oatb0RPNnV0POxToB3e','2019-09-08 11:00:41.117372','2019-09-08 11:00:41.117417'),(6,'barum','han','barum@gmail.com5','$2b$12$ju3gsU.TJgmc91YKIVA6jeoBw3YhVU2poviypmX68e9upDcfPSXyu','2019-09-08 11:00:43.501253','2019-09-08 11:00:43.501348'),(7,'barum','han','barum@gmail.com6','$2b$12$q8uJzkhO7IajvrunwknMg.W7s5kqQ8PMR.VgbHR5J4G4SRu8ZxHOe','2019-09-08 11:00:46.250629','2019-09-08 11:00:46.250694'),(8,'barum','han','barum@gmail.com7','$2b$12$o7ZA9xWcJdrbGDh2.VkwTu6txOaVRdQAWW25svRRIDHV3u0eJ9a8m','2019-09-08 11:00:49.100824','2019-09-08 11:00:49.100919'),(9,'barum','han','barum@gmail.com8','$2b$12$jEF1fTR8QssT0MHQRkdADunnAuTdrKhiTTYiC.Yq9/NWUT5fz2/MS','2019-09-08 11:00:52.353963','2019-09-08 11:00:52.354014'),(10,'barum','han','barum@gmail.com9','$2b$12$0Ll0YUHiVBmZrVEXg91Kq.5F.g9wIyinaRBvI4MfI/7vV8ESfZuJS','2019-09-08 11:00:58.871906','2019-09-08 11:00:58.871980'),(31,'barum','han','barum@gmail.com10','$2b$12$Mg/Ijpi715L1mAKCy33XVerB7D.8OGBQ6dRImuZ4qrzIOMyqELqCG','2019-09-08 11:01:02.140644','2019-09-08 11:01:02.140693');
/*!40000 ALTER TABLE `user` ENABLE KEYS */;
UNLOCK TABLES;
/*!40103 SET TIME_ZONE=@OLD_TIME_ZONE */;

/*!40101 SET SQL_MODE=@OLD_SQL_MODE */;
/*!40014 SET FOREIGN_KEY_CHECKS=@OLD_FOREIGN_KEY_CHECKS */;
/*!40014 SET UNIQUE_CHECKS=@OLD_UNIQUE_CHECKS */;
/*!40101 SET CHARACTER_SET_CLIENT=@OLD_CHARACTER_SET_CLIENT */;
/*!40101 SET CHARACTER_SET_RESULTS=@OLD_CHARACTER_SET_RESULTS */;
/*!40101 SET COLLATION_CONNECTION=@OLD_COLLATION_CONNECTION */;
/*!40111 SET SQL_NOTES=@OLD_SQL_NOTES */;

-- Dump completed on 2019-09-08 20:32:11
